Label	ImageSource
clouds	E:\repositories\private\weather-classifier\data\clouds\clouds14.jpg
clouds	E:\repositories\private\weather-classifier\data\clouds\clouds140.jpg
clouds	E:\repositories\private\weather-classifier\data\clouds\clouds141.jpg
clouds	E:\repositories\private\weather-classifier\data\clouds\clouds142.jpg
clouds	E:\repositories\private\weather-classifier\data\clouds\clouds143.jpg
clouds	E:\repositories\private\weather-classifier\data\clouds\clouds144.jpg
clouds	E:\repositories\private\weather-classifier\data\clouds\clouds145.jpg
clouds	E:\repositories\private\weather-classifier\data\clouds\clouds146.jpg
clouds	E:\repositories\private\weather-classifier\data\clouds\clouds147.jpg
clouds	E:\repositories\private\weather-classifier\data\clouds\clouds148.jpg
clouds	E:\repositories\private\weather-classifier\data\clouds\clouds149.jpg
clouds	E:\repositories\private\weather-classifier\data\clouds\clouds15.jpg
clouds	E:\repositories\private\weather-classifier\data\clouds\clouds150.jpg
clouds	E:\repositories\private\weather-classifier\data\clouds\clouds151.jpg
clouds	E:\repositories\private\weather-classifier\data\clouds\clouds152.jpg
clouds	E:\repositories\private\weather-classifier\data\clouds\clouds153.jpg
clouds	E:\repositories\private\weather-classifier\data\clouds\clouds154.jpg
clouds	E:\repositories\private\weather-classifier\data\clouds\clouds155.jpg
clouds	E:\repositories\private\weather-classifier\data\clouds\clouds156.jpg
clouds	E:\repositories\private\weather-classifier\data\clouds\clouds157.jpg
clouds	E:\repositories\private\weather-classifier\data\clouds\clouds158.jpg
clouds	E:\repositories\private\weather-classifier\data\clouds\clouds159.jpg
clouds	E:\repositories\private\weather-classifier\data\clouds\clouds16.jpg
clouds	E:\repositories\private\weather-classifier\data\clouds\clouds160.jpg
clouds	E:\repositories\private\weather-classifier\data\clouds\clouds161.jpg
clouds	E:\repositories\private\weather-classifier\data\clouds\clouds162.jpg
clouds	E:\repositories\private\weather-classifier\data\clouds\clouds163.jpg
clouds	E:\repositories\private\weather-classifier\data\clouds\clouds164.jpg
clouds	E:\repositories\private\weather-classifier\data\clouds\clouds165.jpg
clouds	E:\repositories\private\weather-classifier\data\clouds\clouds166.jpg
clouds	E:\repositories\private\weather-classifier\data\clouds\clouds167.jpg
clouds	E:\repositories\private\weather-classifier\data\clouds\clouds168.jpg
clouds	E:\repositories\private\weather-classifier\data\clouds\clouds169.jpg
clouds	E:\repositories\private\weather-classifier\data\clouds\clouds17.jpg
clouds	E:\repositories\private\weather-classifier\data\clouds\clouds170.jpg
clouds	E:\repositories\private\weather-classifier\data\clouds\clouds171.jpg
clouds	E:\repositories\private\weather-classifier\data\clouds\clouds172.jpg
clouds	E:\repositories\private\weather-classifier\data\clouds\clouds173.jpg
clouds	E:\repositories\private\weather-classifier\data\clouds\clouds174.jpg
clouds	E:\repositories\private\weather-classifier\data\clouds\clouds175.jpg
clouds	E:\repositories\private\weather-classifier\data\clouds\clouds176.jpg
clouds	E:\repositories\private\weather-classifier\data\clouds\clouds177.jpg
clouds	E:\repositories\private\weather-classifier\data\clouds\clouds178.jpg
clouds	E:\repositories\private\weather-classifier\data\clouds\clouds179.jpg
clouds	E:\repositories\private\weather-classifier\data\clouds\clouds18.jpg
clouds	E:\repositories\private\weather-classifier\data\clouds\clouds180.jpg
clouds	E:\repositories\private\weather-classifier\data\clouds\clouds181.jpg
clouds	E:\repositories\private\weather-classifier\data\clouds\clouds182.jpg
clouds	E:\repositories\private\weather-classifier\data\clouds\clouds183.jpg
clouds	E:\repositories\private\weather-classifier\data\clouds\clouds184.jpg
clouds	E:\repositories\private\weather-classifier\data\clouds\clouds185.jpg
clouds	E:\repositories\private\weather-classifier\data\clouds\clouds186.jpg
clouds	E:\repositories\private\weather-classifier\data\clouds\clouds187.jpg
clouds	E:\repositories\private\weather-classifier\data\clouds\clouds188.jpg
clouds	E:\repositories\private\weather-classifier\data\clouds\clouds189.jpg
clouds	E:\repositories\private\weather-classifier\data\clouds\clouds19.jpg
clouds	E:\repositories\private\weather-classifier\data\clouds\clouds190.jpg
clouds	E:\repositories\private\weather-classifier\data\clouds\clouds191.jpg
clouds	E:\repositories\private\weather-classifier\data\clouds\clouds192.jpg
clouds	E:\repositories\private\weather-classifier\data\clouds\clouds193.jpg
clouds	E:\repositories\private\weather-classifier\data\clouds\clouds194.jpg
clouds	E:\repositories\private\weather-classifier\data\clouds\clouds195.jpg
clouds	E:\repositories\private\weather-classifier\data\clouds\clouds196.jpg
clouds	E:\repositories\private\weather-classifier\data\clouds\clouds197.jpg
clouds	E:\repositories\private\weather-classifier\data\clouds\clouds198.jpg
clouds	E:\repositories\private\weather-classifier\data\clouds\clouds199.jpg
clouds	E:\repositories\private\weather-classifier\data\clouds\clouds2.jpg
clouds	E:\repositories\private\weather-classifier\data\clouds\clouds20.jpg
clouds	E:\repositories\private\weather-classifier\data\clouds\clouds200.jpg
clouds	E:\repositories\private\weather-classifier\data\clouds\clouds201.jpg
clouds	E:\repositories\private\weather-classifier\data\clouds\clouds202.jpg
clouds	E:\repositories\private\weather-classifier\data\clouds\clouds203.jpg
clouds	E:\repositories\private\weather-classifier\data\clouds\clouds204.jpg
clouds	E:\repositories\private\weather-classifier\data\clouds\clouds205.jpg
clouds	E:\repositories\private\weather-classifier\data\clouds\clouds206.jpg
clouds	E:\repositories\private\weather-classifier\data\clouds\clouds207.jpg
clouds	E:\repositories\private\weather-classifier\data\clouds\clouds208.jpg
clouds	E:\repositories\private\weather-classifier\data\clouds\clouds209.jpg
clouds	E:\repositories\private\weather-classifier\data\clouds\clouds21.jpg
clouds	E:\repositories\private\weather-classifier\data\clouds\clouds210.jpg
clouds	E:\repositories\private\weather-classifier\data\clouds\clouds211.jpg
clouds	E:\repositories\private\weather-classifier\data\clouds\clouds212.jpg
clouds	E:\repositories\private\weather-classifier\data\clouds\clouds213.jpg
clouds	E:\repositories\private\weather-classifier\data\clouds\clouds214.jpg
clouds	E:\repositories\private\weather-classifier\data\clouds\clouds215.jpg
clouds	E:\repositories\private\weather-classifier\data\clouds\clouds216.jpg
clouds	E:\repositories\private\weather-classifier\data\clouds\clouds217.jpg
clouds	E:\repositories\private\weather-classifier\data\clouds\clouds218.jpg
clouds	E:\repositories\private\weather-classifier\data\clouds\clouds219.jpg
clouds	E:\repositories\private\weather-classifier\data\clouds\clouds22.jpg
clouds	E:\repositories\private\weather-classifier\data\clouds\clouds220.jpg
clouds	E:\repositories\private\weather-classifier\data\clouds\clouds221.jpg
clouds	E:\repositories\private\weather-classifier\data\clouds\clouds222.jpg
clouds	E:\repositories\private\weather-classifier\data\clouds\clouds223.jpg
clouds	E:\repositories\private\weather-classifier\data\clouds\clouds224.jpg
clouds	E:\repositories\private\weather-classifier\data\clouds\clouds225.jpg
clouds	E:\repositories\private\weather-classifier\data\clouds\clouds226.jpg
clouds	E:\repositories\private\weather-classifier\data\clouds\clouds227.jpg
clouds	E:\repositories\private\weather-classifier\data\clouds\clouds228.jpg
clouds	E:\repositories\private\weather-classifier\data\clouds\clouds229.jpg
clouds	E:\repositories\private\weather-classifier\data\clouds\clouds23.jpg
clouds	E:\repositories\private\weather-classifier\data\clouds\clouds230.jpg
clouds	E:\repositories\private\weather-classifier\data\clouds\clouds231.jpg
clouds	E:\repositories\private\weather-classifier\data\clouds\clouds232.jpg
clouds	E:\repositories\private\weather-classifier\data\clouds\clouds233.jpg
clouds	E:\repositories\private\weather-classifier\data\clouds\clouds234.jpg
clouds	E:\repositories\private\weather-classifier\data\clouds\clouds235.jpg
clouds	E:\repositories\private\weather-classifier\data\clouds\clouds236.jpg
clouds	E:\repositories\private\weather-classifier\data\clouds\clouds237.jpg
clouds	E:\repositories\private\weather-classifier\data\clouds\clouds238.jpg
clouds	E:\repositories\private\weather-classifier\data\clouds\clouds239.jpg
clouds	E:\repositories\private\weather-classifier\data\clouds\clouds24.jpg
clouds	E:\repositories\private\weather-classifier\data\clouds\clouds240.jpg
clouds	E:\repositories\private\weather-classifier\data\clouds\clouds241.jpg
clouds	E:\repositories\private\weather-classifier\data\clouds\clouds242.jpg
clouds	E:\repositories\private\weather-classifier\data\clouds\clouds243.jpg
clouds	E:\repositories\private\weather-classifier\data\clouds\clouds244.jpg
clouds	E:\repositories\private\weather-classifier\data\clouds\clouds245.jpg
clouds	E:\repositories\private\weather-classifier\data\clouds\clouds246.jpg
clouds	E:\repositories\private\weather-classifier\data\clouds\clouds247.jpg
clouds	E:\repositories\private\weather-classifier\data\clouds\clouds248.jpg
clouds	E:\repositories\private\weather-classifier\data\clouds\clouds249.jpg
clouds	E:\repositories\private\weather-classifier\data\clouds\clouds25.jpg
clouds	E:\repositories\private\weather-classifier\data\clouds\clouds250.jpg
clouds	E:\repositories\private\weather-classifier\data\clouds\clouds251.jpg
clouds	E:\repositories\private\weather-classifier\data\clouds\clouds252.jpg
clouds	E:\repositories\private\weather-classifier\data\clouds\clouds253.jpg
clouds	E:\repositories\private\weather-classifier\data\clouds\clouds254.jpg
clouds	E:\repositories\private\weather-classifier\data\clouds\clouds255.jpg
clouds	E:\repositories\private\weather-classifier\data\clouds\clouds256.jpg
clouds	E:\repositories\private\weather-classifier\data\clouds\clouds257.jpg
clouds	E:\repositories\private\weather-classifier\data\clouds\clouds258.jpg
clouds	E:\repositories\private\weather-classifier\data\clouds\clouds259.jpg
clouds	E:\repositories\private\weather-classifier\data\clouds\clouds26.jpg
clouds	E:\repositories\private\weather-classifier\data\clouds\clouds260.jpg
clouds	E:\repositories\private\weather-classifier\data\clouds\clouds261.jpg
clouds	E:\repositories\private\weather-classifier\data\clouds\clouds262.jpg
clouds	E:\repositories\private\weather-classifier\data\clouds\clouds263.jpg
clouds	E:\repositories\private\weather-classifier\data\clouds\clouds264.jpg
clouds	E:\repositories\private\weather-classifier\data\clouds\clouds265.jpg
clouds	E:\repositories\private\weather-classifier\data\clouds\clouds266.jpg
clouds	E:\repositories\private\weather-classifier\data\clouds\clouds267.jpg
clouds	E:\repositories\private\weather-classifier\data\clouds\clouds268.jpg
clouds	E:\repositories\private\weather-classifier\data\clouds\clouds269.jpg
clouds	E:\repositories\private\weather-classifier\data\clouds\clouds27.jpg
clouds	E:\repositories\private\weather-classifier\data\clouds\clouds270.jpg
clouds	E:\repositories\private\weather-classifier\data\clouds\clouds271.jpg
clouds	E:\repositories\private\weather-classifier\data\clouds\clouds272.jpg
clouds	E:\repositories\private\weather-classifier\data\clouds\clouds273.jpg
clouds	E:\repositories\private\weather-classifier\data\clouds\clouds274.jpg
clouds	E:\repositories\private\weather-classifier\data\clouds\clouds275.jpg
clouds	E:\repositories\private\weather-classifier\data\clouds\clouds276.jpg
clouds	E:\repositories\private\weather-classifier\data\clouds\clouds277.jpg
clouds	E:\repositories\private\weather-classifier\data\clouds\clouds278.jpg
clouds	E:\repositories\private\weather-classifier\data\clouds\clouds279.jpg
clouds	E:\repositories\private\weather-classifier\data\clouds\clouds28.jpg
clouds	E:\repositories\private\weather-classifier\data\clouds\clouds280.jpg
clouds	E:\repositories\private\weather-classifier\data\clouds\clouds281.jpg
clouds	E:\repositories\private\weather-classifier\data\clouds\clouds282.jpg
clouds	E:\repositories\private\weather-classifier\data\clouds\clouds283.jpg
clouds	E:\repositories\private\weather-classifier\data\clouds\clouds284.jpg
clouds	E:\repositories\private\weather-classifier\data\clouds\clouds285.jpg
clouds	E:\repositories\private\weather-classifier\data\clouds\clouds286.jpg
clouds	E:\repositories\private\weather-classifier\data\clouds\clouds287.jpg
clouds	E:\repositories\private\weather-classifier\data\clouds\clouds288.jpg
clouds	E:\repositories\private\weather-classifier\data\clouds\clouds289.jpg
clouds	E:\repositories\private\weather-classifier\data\clouds\clouds29.jpg
clouds	E:\repositories\private\weather-classifier\data\clouds\clouds290.jpg
clouds	E:\repositories\private\weather-classifier\data\clouds\clouds291.jpg
clouds	E:\repositories\private\weather-classifier\data\clouds\clouds292.jpg
clouds	E:\repositories\private\weather-classifier\data\clouds\clouds293.jpg
clouds	E:\repositories\private\weather-classifier\data\clouds\clouds294.jpg
clouds	E:\repositories\private\weather-classifier\data\clouds\clouds295.jpg
clouds	E:\repositories\private\weather-classifier\data\clouds\clouds296.jpg
clouds	E:\repositories\private\weather-classifier\data\clouds\clouds297.jpg
clouds	E:\repositories\private\weather-classifier\data\clouds\clouds298.jpg
clouds	E:\repositories\private\weather-classifier\data\clouds\clouds299.jpg
clouds	E:\repositories\private\weather-classifier\data\clouds\clouds3.jpg
clouds	E:\repositories\private\weather-classifier\data\clouds\clouds30.jpg
clouds	E:\repositories\private\weather-classifier\data\clouds\clouds300.jpg
clouds	E:\repositories\private\weather-classifier\data\clouds\clouds31.jpg
clouds	E:\repositories\private\weather-classifier\data\clouds\clouds32.jpg
clouds	E:\repositories\private\weather-classifier\data\clouds\clouds33.jpg
clouds	E:\repositories\private\weather-classifier\data\clouds\clouds34.jpg
clouds	E:\repositories\private\weather-classifier\data\clouds\clouds35.jpg
clouds	E:\repositories\private\weather-classifier\data\clouds\clouds36.jpg
clouds	E:\repositories\private\weather-classifier\data\clouds\clouds37.jpg
clouds	E:\repositories\private\weather-classifier\data\clouds\clouds38.jpg
clouds	E:\repositories\private\weather-classifier\data\clouds\clouds39.jpg
clouds	E:\repositories\private\weather-classifier\data\clouds\clouds4.jpg
clouds	E:\repositories\private\weather-classifier\data\clouds\clouds40.jpg
clouds	E:\repositories\private\weather-classifier\data\clouds\clouds41.jpg
clouds	E:\repositories\private\weather-classifier\data\clouds\clouds42.jpg
clouds	E:\repositories\private\weather-classifier\data\clouds\clouds43.jpg
clouds	E:\repositories\private\weather-classifier\data\clouds\clouds44.jpg
clouds	E:\repositories\private\weather-classifier\data\clouds\clouds45.jpg
clouds	E:\repositories\private\weather-classifier\data\clouds\clouds46.jpg
clouds	E:\repositories\private\weather-classifier\data\clouds\clouds47.jpg
clouds	E:\repositories\private\weather-classifier\data\clouds\clouds48.jpg
clouds	E:\repositories\private\weather-classifier\data\clouds\clouds49.jpg
clouds	E:\repositories\private\weather-classifier\data\clouds\clouds5.jpg
clouds	E:\repositories\private\weather-classifier\data\clouds\clouds50.jpg
clouds	E:\repositories\private\weather-classifier\data\clouds\clouds51.jpg
clouds	E:\repositories\private\weather-classifier\data\clouds\clouds52.jpg
clouds	E:\repositories\private\weather-classifier\data\clouds\clouds53.jpg
clouds	E:\repositories\private\weather-classifier\data\clouds\clouds54.jpg
clouds	E:\repositories\private\weather-classifier\data\clouds\clouds55.jpg
clouds	E:\repositories\private\weather-classifier\data\clouds\clouds56.jpg
clouds	E:\repositories\private\weather-classifier\data\clouds\clouds57.jpg
clouds	E:\repositories\private\weather-classifier\data\clouds\clouds58.jpg
clouds	E:\repositories\private\weather-classifier\data\clouds\clouds59.jpg
clouds	E:\repositories\private\weather-classifier\data\clouds\clouds6.jpg
clouds	E:\repositories\private\weather-classifier\data\clouds\clouds60.jpg
clouds	E:\repositories\private\weather-classifier\data\clouds\clouds61.jpg
clouds	E:\repositories\private\weather-classifier\data\clouds\clouds62.jpg
clouds	E:\repositories\private\weather-classifier\data\clouds\clouds63.jpg
clouds	E:\repositories\private\weather-classifier\data\clouds\clouds64.jpg
clouds	E:\repositories\private\weather-classifier\data\clouds\clouds65.jpg
clouds	E:\repositories\private\weather-classifier\data\clouds\clouds66.jpg
clouds	E:\repositories\private\weather-classifier\data\clouds\clouds67.jpg
clouds	E:\repositories\private\weather-classifier\data\clouds\clouds68.jpg
clouds	E:\repositories\private\weather-classifier\data\clouds\clouds69.jpg
clouds	E:\repositories\private\weather-classifier\data\clouds\clouds7.jpg
clouds	E:\repositories\private\weather-classifier\data\clouds\clouds70.jpg
clouds	E:\repositories\private\weather-classifier\data\clouds\clouds71.jpg
clouds	E:\repositories\private\weather-classifier\data\clouds\clouds72.jpg
clouds	E:\repositories\private\weather-classifier\data\clouds\clouds73.jpg
clouds	E:\repositories\private\weather-classifier\data\clouds\clouds74.jpg
clouds	E:\repositories\private\weather-classifier\data\clouds\clouds75.jpg
clouds	E:\repositories\private\weather-classifier\data\clouds\clouds76.jpg
clouds	E:\repositories\private\weather-classifier\data\clouds\clouds77.jpg
clouds	E:\repositories\private\weather-classifier\data\clouds\clouds78.jpg
clouds	E:\repositories\private\weather-classifier\data\clouds\clouds79.jpg
clouds	E:\repositories\private\weather-classifier\data\clouds\clouds8.jpg
clouds	E:\repositories\private\weather-classifier\data\clouds\clouds80.jpg
clouds	E:\repositories\private\weather-classifier\data\clouds\clouds81.jpg
clouds	E:\repositories\private\weather-classifier\data\clouds\clouds82.jpg
clouds	E:\repositories\private\weather-classifier\data\clouds\clouds83.jpg
clouds	E:\repositories\private\weather-classifier\data\clouds\clouds84.jpg
clouds	E:\repositories\private\weather-classifier\data\clouds\clouds85.jpg
clouds	E:\repositories\private\weather-classifier\data\clouds\clouds86.jpg
clouds	E:\repositories\private\weather-classifier\data\clouds\clouds87.jpg
clouds	E:\repositories\private\weather-classifier\data\clouds\clouds88.jpg
clouds	E:\repositories\private\weather-classifier\data\clouds\clouds89.jpg
clouds	E:\repositories\private\weather-classifier\data\clouds\clouds9.jpg
clouds	E:\repositories\private\weather-classifier\data\clouds\clouds90.jpg
clouds	E:\repositories\private\weather-classifier\data\clouds\clouds91.jpg
clouds	E:\repositories\private\weather-classifier\data\clouds\clouds92.jpg
clouds	E:\repositories\private\weather-classifier\data\clouds\clouds93.jpg
clouds	E:\repositories\private\weather-classifier\data\clouds\clouds94.jpg
clouds	E:\repositories\private\weather-classifier\data\clouds\clouds95.jpg
clouds	E:\repositories\private\weather-classifier\data\clouds\clouds96.jpg
clouds	E:\repositories\private\weather-classifier\data\clouds\clouds97.jpg
clouds	E:\repositories\private\weather-classifier\data\clouds\clouds98.jpg
clouds	E:\repositories\private\weather-classifier\data\clouds\clouds99.jpg
fog	E:\repositories\private\weather-classifier\data\fog\fog127.jpg
fog	E:\repositories\private\weather-classifier\data\fog\fog128.jpg
fog	E:\repositories\private\weather-classifier\data\fog\fog129.jpg
fog	E:\repositories\private\weather-classifier\data\fog\fog13.jpg
fog	E:\repositories\private\weather-classifier\data\fog\fog130.jpg
fog	E:\repositories\private\weather-classifier\data\fog\fog131.jpg
fog	E:\repositories\private\weather-classifier\data\fog\fog132.jpg
fog	E:\repositories\private\weather-classifier\data\fog\fog133.jpg
fog	E:\repositories\private\weather-classifier\data\fog\fog134.jpg
fog	E:\repositories\private\weather-classifier\data\fog\fog135.jpg
fog	E:\repositories\private\weather-classifier\data\fog\fog136.jpg
fog	E:\repositories\private\weather-classifier\data\fog\fog137.jpg
fog	E:\repositories\private\weather-classifier\data\fog\fog138.jpg
fog	E:\repositories\private\weather-classifier\data\fog\fog139.jpg
fog	E:\repositories\private\weather-classifier\data\fog\fog14.jpg
fog	E:\repositories\private\weather-classifier\data\fog\fog140.jpg
fog	E:\repositories\private\weather-classifier\data\fog\fog141.jpg
fog	E:\repositories\private\weather-classifier\data\fog\fog142.jpg
fog	E:\repositories\private\weather-classifier\data\fog\fog143.jpg
fog	E:\repositories\private\weather-classifier\data\fog\fog144.jpg
fog	E:\repositories\private\weather-classifier\data\fog\fog145.jpg
fog	E:\repositories\private\weather-classifier\data\fog\fog146.jpg
fog	E:\repositories\private\weather-classifier\data\fog\fog147.jpg
fog	E:\repositories\private\weather-classifier\data\fog\fog148.jpg
fog	E:\repositories\private\weather-classifier\data\fog\fog149.jpg
fog	E:\repositories\private\weather-classifier\data\fog\fog15.jpg
fog	E:\repositories\private\weather-classifier\data\fog\fog150.jpg
fog	E:\repositories\private\weather-classifier\data\fog\fog151.jpg
fog	E:\repositories\private\weather-classifier\data\fog\fog152.jpg
fog	E:\repositories\private\weather-classifier\data\fog\fog153.jpg
fog	E:\repositories\private\weather-classifier\data\fog\fog154.jpg
fog	E:\repositories\private\weather-classifier\data\fog\fog155.jpg
fog	E:\repositories\private\weather-classifier\data\fog\fog156.jpg
fog	E:\repositories\private\weather-classifier\data\fog\fog157.jpg
fog	E:\repositories\private\weather-classifier\data\fog\fog158.jpg
fog	E:\repositories\private\weather-classifier\data\fog\fog159.jpg
fog	E:\repositories\private\weather-classifier\data\fog\fog16.jpg
fog	E:\repositories\private\weather-classifier\data\fog\fog160.jpg
fog	E:\repositories\private\weather-classifier\data\fog\fog161.jpg
fog	E:\repositories\private\weather-classifier\data\fog\fog162.jpg
fog	E:\repositories\private\weather-classifier\data\fog\fog163.jpg
fog	E:\repositories\private\weather-classifier\data\fog\fog164.jpg
fog	E:\repositories\private\weather-classifier\data\fog\fog165.jpg
fog	E:\repositories\private\weather-classifier\data\fog\fog166.jpg
fog	E:\repositories\private\weather-classifier\data\fog\fog167.jpg
fog	E:\repositories\private\weather-classifier\data\fog\fog168.jpg
fog	E:\repositories\private\weather-classifier\data\fog\fog169.jpg
fog	E:\repositories\private\weather-classifier\data\fog\fog17.jpg
fog	E:\repositories\private\weather-classifier\data\fog\fog170.jpg
fog	E:\repositories\private\weather-classifier\data\fog\fog171.jpg
fog	E:\repositories\private\weather-classifier\data\fog\fog172.jpg
fog	E:\repositories\private\weather-classifier\data\fog\fog173.jpg
fog	E:\repositories\private\weather-classifier\data\fog\fog174.jpg
fog	E:\repositories\private\weather-classifier\data\fog\fog175.jpg
fog	E:\repositories\private\weather-classifier\data\fog\fog176.jpg
fog	E:\repositories\private\weather-classifier\data\fog\fog177.jpg
fog	E:\repositories\private\weather-classifier\data\fog\fog178.jpg
fog	E:\repositories\private\weather-classifier\data\fog\fog179.jpg
fog	E:\repositories\private\weather-classifier\data\fog\fog18.jpg
fog	E:\repositories\private\weather-classifier\data\fog\fog180.jpg
fog	E:\repositories\private\weather-classifier\data\fog\fog181.jpg
fog	E:\repositories\private\weather-classifier\data\fog\fog182.jpg
fog	E:\repositories\private\weather-classifier\data\fog\fog183.jpg
fog	E:\repositories\private\weather-classifier\data\fog\fog184.jpg
fog	E:\repositories\private\weather-classifier\data\fog\fog185.jpg
fog	E:\repositories\private\weather-classifier\data\fog\fog186.jpg
fog	E:\repositories\private\weather-classifier\data\fog\fog187.jpg
fog	E:\repositories\private\weather-classifier\data\fog\fog188.jpg
fog	E:\repositories\private\weather-classifier\data\fog\fog189.jpg
fog	E:\repositories\private\weather-classifier\data\fog\fog19.jpg
fog	E:\repositories\private\weather-classifier\data\fog\fog190.jpg
fog	E:\repositories\private\weather-classifier\data\fog\fog191.jpg
fog	E:\repositories\private\weather-classifier\data\fog\fog192.jpg
fog	E:\repositories\private\weather-classifier\data\fog\fog193.jpg
fog	E:\repositories\private\weather-classifier\data\fog\fog194.jpg
fog	E:\repositories\private\weather-classifier\data\fog\fog195.jpg
fog	E:\repositories\private\weather-classifier\data\fog\fog196.jpg
fog	E:\repositories\private\weather-classifier\data\fog\fog197.jpg
fog	E:\repositories\private\weather-classifier\data\fog\fog198.jpg
fog	E:\repositories\private\weather-classifier\data\fog\fog199.jpg
fog	E:\repositories\private\weather-classifier\data\fog\fog2.jpg
fog	E:\repositories\private\weather-classifier\data\fog\fog20.jpg
fog	E:\repositories\private\weather-classifier\data\fog\fog200.jpg
fog	E:\repositories\private\weather-classifier\data\fog\fog201.jpg
fog	E:\repositories\private\weather-classifier\data\fog\fog21.jpg
fog	E:\repositories\private\weather-classifier\data\fog\fog22.jpg
fog	E:\repositories\private\weather-classifier\data\fog\fog23.jpg
fog	E:\repositories\private\weather-classifier\data\fog\fog24.jpg
fog	E:\repositories\private\weather-classifier\data\fog\fog25.jpg
fog	E:\repositories\private\weather-classifier\data\fog\fog26.jpg
fog	E:\repositories\private\weather-classifier\data\fog\fog27.jpg
fog	E:\repositories\private\weather-classifier\data\fog\fog28.jpg
fog	E:\repositories\private\weather-classifier\data\fog\fog29.jpg
fog	E:\repositories\private\weather-classifier\data\fog\fog3.jpg
fog	E:\repositories\private\weather-classifier\data\fog\fog30.jpg
fog	E:\repositories\private\weather-classifier\data\fog\fog31.jpg
fog	E:\repositories\private\weather-classifier\data\fog\fog32.jpg
fog	E:\repositories\private\weather-classifier\data\fog\fog33.jpg
fog	E:\repositories\private\weather-classifier\data\fog\fog34.jpg
fog	E:\repositories\private\weather-classifier\data\fog\fog35.jpg
fog	E:\repositories\private\weather-classifier\data\fog\fog36.jpg
fog	E:\repositories\private\weather-classifier\data\fog\fog37.jpg
fog	E:\repositories\private\weather-classifier\data\fog\fog38.jpg
fog	E:\repositories\private\weather-classifier\data\fog\fog39.jpg
fog	E:\repositories\private\weather-classifier\data\fog\fog4.jpg
fog	E:\repositories\private\weather-classifier\data\fog\fog40.jpg
fog	E:\repositories\private\weather-classifier\data\fog\fog41.jpg
fog	E:\repositories\private\weather-classifier\data\fog\fog42.jpg
fog	E:\repositories\private\weather-classifier\data\fog\fog43.jpg
fog	E:\repositories\private\weather-classifier\data\fog\fog44.jpg
fog	E:\repositories\private\weather-classifier\data\fog\fog45.jpg
fog	E:\repositories\private\weather-classifier\data\fog\fog46.jpg
fog	E:\repositories\private\weather-classifier\data\fog\fog47.jpg
fog	E:\repositories\private\weather-classifier\data\fog\fog48.jpg
fog	E:\repositories\private\weather-classifier\data\fog\fog49.jpg
fog	E:\repositories\private\weather-classifier\data\fog\fog5.jpg
fog	E:\repositories\private\weather-classifier\data\fog\fog50.jpg
fog	E:\repositories\private\weather-classifier\data\fog\fog51.jpg
fog	E:\repositories\private\weather-classifier\data\fog\fog52.jpg
fog	E:\repositories\private\weather-classifier\data\fog\fog53.jpg
fog	E:\repositories\private\weather-classifier\data\fog\fog54.jpg
fog	E:\repositories\private\weather-classifier\data\fog\fog55.jpg
fog	E:\repositories\private\weather-classifier\data\fog\fog56.jpg
fog	E:\repositories\private\weather-classifier\data\fog\fog57.jpg
fog	E:\repositories\private\weather-classifier\data\fog\fog58.jpg
fog	E:\repositories\private\weather-classifier\data\fog\fog59.jpg
fog	E:\repositories\private\weather-classifier\data\fog\fog6.jpg
fog	E:\repositories\private\weather-classifier\data\fog\fog60.jpg
fog	E:\repositories\private\weather-classifier\data\fog\fog61.jpg
fog	E:\repositories\private\weather-classifier\data\fog\fog62.jpg
fog	E:\repositories\private\weather-classifier\data\fog\fog63.jpg
fog	E:\repositories\private\weather-classifier\data\fog\fog64.jpg
fog	E:\repositories\private\weather-classifier\data\fog\fog65.jpg
fog	E:\repositories\private\weather-classifier\data\fog\fog66.jpg
fog	E:\repositories\private\weather-classifier\data\fog\fog67.jpg
fog	E:\repositories\private\weather-classifier\data\fog\fog68.jpg
fog	E:\repositories\private\weather-classifier\data\fog\fog69.jpg
fog	E:\repositories\private\weather-classifier\data\fog\fog7.jpg
fog	E:\repositories\private\weather-classifier\data\fog\fog70.jpg
fog	E:\repositories\private\weather-classifier\data\fog\fog71.jpg
fog	E:\repositories\private\weather-classifier\data\fog\fog72.jpg
fog	E:\repositories\private\weather-classifier\data\fog\fog73.jpg
fog	E:\repositories\private\weather-classifier\data\fog\fog74.jpg
fog	E:\repositories\private\weather-classifier\data\fog\fog75.jpg
fog	E:\repositories\private\weather-classifier\data\fog\fog76.jpg
fog	E:\repositories\private\weather-classifier\data\fog\fog77.jpg
fog	E:\repositories\private\weather-classifier\data\fog\fog78.jpg
fog	E:\repositories\private\weather-classifier\data\fog\fog79.jpg
fog	E:\repositories\private\weather-classifier\data\fog\fog8.jpg
fog	E:\repositories\private\weather-classifier\data\fog\fog80.jpg
fog	E:\repositories\private\weather-classifier\data\fog\fog81.jpg
fog	E:\repositories\private\weather-classifier\data\fog\fog82.jpg
fog	E:\repositories\private\weather-classifier\data\fog\fog83.jpg
fog	E:\repositories\private\weather-classifier\data\fog\fog84.jpg
fog	E:\repositories\private\weather-classifier\data\fog\fog85.jpg
fog	E:\repositories\private\weather-classifier\data\fog\fog86.jpg
fog	E:\repositories\private\weather-classifier\data\fog\fog87.jpg
fog	E:\repositories\private\weather-classifier\data\fog\fog88.jpg
fog	E:\repositories\private\weather-classifier\data\fog\fog89.jpg
fog	E:\repositories\private\weather-classifier\data\fog\fog9.jpg
fog	E:\repositories\private\weather-classifier\data\fog\fog90.jpg
fog	E:\repositories\private\weather-classifier\data\fog\fog91.jpg
fog	E:\repositories\private\weather-classifier\data\fog\fog92.jpg
fog	E:\repositories\private\weather-classifier\data\fog\fog93.jpg
fog	E:\repositories\private\weather-classifier\data\fog\fog94.jpg
fog	E:\repositories\private\weather-classifier\data\fog\fog95.jpg
fog	E:\repositories\private\weather-classifier\data\fog\fog96.jpg
fog	E:\repositories\private\weather-classifier\data\fog\fog97.jpg
fog	E:\repositories\private\weather-classifier\data\fog\fog98.jpg
fog	E:\repositories\private\weather-classifier\data\fog\fog99.jpg
rain	E:\repositories\private\weather-classifier\data\rain\rain129.jpg
rain	E:\repositories\private\weather-classifier\data\rain\rain13.jpg
rain	E:\repositories\private\weather-classifier\data\rain\rain130.jpg
rain	E:\repositories\private\weather-classifier\data\rain\rain131.jpg
rain	E:\repositories\private\weather-classifier\data\rain\rain132.jpg
rain	E:\repositories\private\weather-classifier\data\rain\rain133.jpg
rain	E:\repositories\private\weather-classifier\data\rain\rain134.jpg
rain	E:\repositories\private\weather-classifier\data\rain\rain135.jpg
rain	E:\repositories\private\weather-classifier\data\rain\rain136.jpg
rain	E:\repositories\private\weather-classifier\data\rain\rain137.jpg
rain	E:\repositories\private\weather-classifier\data\rain\rain138.jpg
rain	E:\repositories\private\weather-classifier\data\rain\rain139.jpg
rain	E:\repositories\private\weather-classifier\data\rain\rain14.jpg
rain	E:\repositories\private\weather-classifier\data\rain\rain140.jpg
rain	E:\repositories\private\weather-classifier\data\rain\rain141.jpg
rain	E:\repositories\private\weather-classifier\data\rain\rain142.jpg
rain	E:\repositories\private\weather-classifier\data\rain\rain143.jpg
rain	E:\repositories\private\weather-classifier\data\rain\rain144.jpg
rain	E:\repositories\private\weather-classifier\data\rain\rain145.jpg
rain	E:\repositories\private\weather-classifier\data\rain\rain146.jpg
rain	E:\repositories\private\weather-classifier\data\rain\rain147.jpg
rain	E:\repositories\private\weather-classifier\data\rain\rain148.jpg
rain	E:\repositories\private\weather-classifier\data\rain\rain149.jpg
rain	E:\repositories\private\weather-classifier\data\rain\rain15.jpg
rain	E:\repositories\private\weather-classifier\data\rain\rain150.jpg
rain	E:\repositories\private\weather-classifier\data\rain\rain151.jpg
rain	E:\repositories\private\weather-classifier\data\rain\rain152.jpg
rain	E:\repositories\private\weather-classifier\data\rain\rain153.jpg
rain	E:\repositories\private\weather-classifier\data\rain\rain154.jpg
rain	E:\repositories\private\weather-classifier\data\rain\rain155.jpg
rain	E:\repositories\private\weather-classifier\data\rain\rain156.jpg
rain	E:\repositories\private\weather-classifier\data\rain\rain157.jpg
rain	E:\repositories\private\weather-classifier\data\rain\rain158.jpg
rain	E:\repositories\private\weather-classifier\data\rain\rain159.jpg
rain	E:\repositories\private\weather-classifier\data\rain\rain16.jpg
rain	E:\repositories\private\weather-classifier\data\rain\rain160.jpg
rain	E:\repositories\private\weather-classifier\data\rain\rain161.jpg
rain	E:\repositories\private\weather-classifier\data\rain\rain162.jpg
rain	E:\repositories\private\weather-classifier\data\rain\rain163.jpg
rain	E:\repositories\private\weather-classifier\data\rain\rain164.jpg
rain	E:\repositories\private\weather-classifier\data\rain\rain165.jpg
rain	E:\repositories\private\weather-classifier\data\rain\rain166.jpg
rain	E:\repositories\private\weather-classifier\data\rain\rain167.jpg
rain	E:\repositories\private\weather-classifier\data\rain\rain168.jpg
rain	E:\repositories\private\weather-classifier\data\rain\rain169.jpg
rain	E:\repositories\private\weather-classifier\data\rain\rain17.jpg
rain	E:\repositories\private\weather-classifier\data\rain\rain170.jpg
rain	E:\repositories\private\weather-classifier\data\rain\rain171.jpg
rain	E:\repositories\private\weather-classifier\data\rain\rain172.jpg
rain	E:\repositories\private\weather-classifier\data\rain\rain173.jpg
rain	E:\repositories\private\weather-classifier\data\rain\rain174.jpg
rain	E:\repositories\private\weather-classifier\data\rain\rain175.jpg
rain	E:\repositories\private\weather-classifier\data\rain\rain176.jpg
rain	E:\repositories\private\weather-classifier\data\rain\rain177.jpg
rain	E:\repositories\private\weather-classifier\data\rain\rain178.jpg
rain	E:\repositories\private\weather-classifier\data\rain\rain179.jpg
rain	E:\repositories\private\weather-classifier\data\rain\rain18.jpg
rain	E:\repositories\private\weather-classifier\data\rain\rain180.jpg
rain	E:\repositories\private\weather-classifier\data\rain\rain181.jpg
rain	E:\repositories\private\weather-classifier\data\rain\rain182.jpg
rain	E:\repositories\private\weather-classifier\data\rain\rain183.jpg
rain	E:\repositories\private\weather-classifier\data\rain\rain184.jpg
rain	E:\repositories\private\weather-classifier\data\rain\rain185.jpg
rain	E:\repositories\private\weather-classifier\data\rain\rain186.jpg
rain	E:\repositories\private\weather-classifier\data\rain\rain187.jpg
rain	E:\repositories\private\weather-classifier\data\rain\rain188.jpg
rain	E:\repositories\private\weather-classifier\data\rain\rain189.jpg
rain	E:\repositories\private\weather-classifier\data\rain\rain19.jpg
rain	E:\repositories\private\weather-classifier\data\rain\rain190.jpg
rain	E:\repositories\private\weather-classifier\data\rain\rain191.jpg
rain	E:\repositories\private\weather-classifier\data\rain\rain192.jpg
rain	E:\repositories\private\weather-classifier\data\rain\rain193.jpg
rain	E:\repositories\private\weather-classifier\data\rain\rain194.jpg
rain	E:\repositories\private\weather-classifier\data\rain\rain195.jpg
rain	E:\repositories\private\weather-classifier\data\rain\rain196.jpg
rain	E:\repositories\private\weather-classifier\data\rain\rain197.jpg
rain	E:\repositories\private\weather-classifier\data\rain\rain198.jpg
rain	E:\repositories\private\weather-classifier\data\rain\rain199.jpg
rain	E:\repositories\private\weather-classifier\data\rain\rain2.jpg
rain	E:\repositories\private\weather-classifier\data\rain\rain20.jpg
rain	E:\repositories\private\weather-classifier\data\rain\rain200.jpg
rain	E:\repositories\private\weather-classifier\data\rain\rain201.jpg
rain	E:\repositories\private\weather-classifier\data\rain\rain202.jpg
rain	E:\repositories\private\weather-classifier\data\rain\rain203.jpg
rain	E:\repositories\private\weather-classifier\data\rain\rain204.jpg
rain	E:\repositories\private\weather-classifier\data\rain\rain205.jpg
rain	E:\repositories\private\weather-classifier\data\rain\rain206.jpg
rain	E:\repositories\private\weather-classifier\data\rain\rain207.jpg
rain	E:\repositories\private\weather-classifier\data\rain\rain208.jpg
rain	E:\repositories\private\weather-classifier\data\rain\rain209.jpg
rain	E:\repositories\private\weather-classifier\data\rain\rain21.jpg
rain	E:\repositories\private\weather-classifier\data\rain\rain210.jpg
rain	E:\repositories\private\weather-classifier\data\rain\rain211.jpg
rain	E:\repositories\private\weather-classifier\data\rain\rain212.jpg
rain	E:\repositories\private\weather-classifier\data\rain\rain213.jpg
rain	E:\repositories\private\weather-classifier\data\rain\rain214.jpg
rain	E:\repositories\private\weather-classifier\data\rain\rain22.jpg
rain	E:\repositories\private\weather-classifier\data\rain\rain23.jpg
rain	E:\repositories\private\weather-classifier\data\rain\rain24.jpg
rain	E:\repositories\private\weather-classifier\data\rain\rain25.jpg
rain	E:\repositories\private\weather-classifier\data\rain\rain26.jpg
rain	E:\repositories\private\weather-classifier\data\rain\rain27.jpg
rain	E:\repositories\private\weather-classifier\data\rain\rain28.jpg
rain	E:\repositories\private\weather-classifier\data\rain\rain29.jpg
rain	E:\repositories\private\weather-classifier\data\rain\rain3.jpg
rain	E:\repositories\private\weather-classifier\data\rain\rain30.jpg
rain	E:\repositories\private\weather-classifier\data\rain\rain31.jpg
rain	E:\repositories\private\weather-classifier\data\rain\rain32.jpg
rain	E:\repositories\private\weather-classifier\data\rain\rain33.jpg
rain	E:\repositories\private\weather-classifier\data\rain\rain34.jpg
rain	E:\repositories\private\weather-classifier\data\rain\rain35.jpg
rain	E:\repositories\private\weather-classifier\data\rain\rain36.jpg
rain	E:\repositories\private\weather-classifier\data\rain\rain37.jpg
rain	E:\repositories\private\weather-classifier\data\rain\rain38.jpg
rain	E:\repositories\private\weather-classifier\data\rain\rain39.jpg
rain	E:\repositories\private\weather-classifier\data\rain\rain4.jpg
rain	E:\repositories\private\weather-classifier\data\rain\rain40.jpg
rain	E:\repositories\private\weather-classifier\data\rain\rain41.jpg
rain	E:\repositories\private\weather-classifier\data\rain\rain42.jpg
rain	E:\repositories\private\weather-classifier\data\rain\rain43.jpg
rain	E:\repositories\private\weather-classifier\data\rain\rain44.jpg
rain	E:\repositories\private\weather-classifier\data\rain\rain45.jpg
rain	E:\repositories\private\weather-classifier\data\rain\rain46.jpg
rain	E:\repositories\private\weather-classifier\data\rain\rain47.jpg
rain	E:\repositories\private\weather-classifier\data\rain\rain48.jpg
rain	E:\repositories\private\weather-classifier\data\rain\rain49.jpg
rain	E:\repositories\private\weather-classifier\data\rain\rain5.jpg
rain	E:\repositories\private\weather-classifier\data\rain\rain50.jpg
rain	E:\repositories\private\weather-classifier\data\rain\rain51.jpg
rain	E:\repositories\private\weather-classifier\data\rain\rain52.jpg
rain	E:\repositories\private\weather-classifier\data\rain\rain53.jpg
rain	E:\repositories\private\weather-classifier\data\rain\rain54.jpg
rain	E:\repositories\private\weather-classifier\data\rain\rain55.jpg
rain	E:\repositories\private\weather-classifier\data\rain\rain56.jpg
rain	E:\repositories\private\weather-classifier\data\rain\rain57.jpg
rain	E:\repositories\private\weather-classifier\data\rain\rain58.jpg
rain	E:\repositories\private\weather-classifier\data\rain\rain59.jpg
rain	E:\repositories\private\weather-classifier\data\rain\rain6.jpg
rain	E:\repositories\private\weather-classifier\data\rain\rain60.jpg
rain	E:\repositories\private\weather-classifier\data\rain\rain61.jpg
rain	E:\repositories\private\weather-classifier\data\rain\rain62.jpg
rain	E:\repositories\private\weather-classifier\data\rain\rain63.jpg
rain	E:\repositories\private\weather-classifier\data\rain\rain64.jpg
rain	E:\repositories\private\weather-classifier\data\rain\rain65.jpg
rain	E:\repositories\private\weather-classifier\data\rain\rain66.jpg
rain	E:\repositories\private\weather-classifier\data\rain\rain67.jpg
rain	E:\repositories\private\weather-classifier\data\rain\rain68.jpg
rain	E:\repositories\private\weather-classifier\data\rain\rain69.jpg
rain	E:\repositories\private\weather-classifier\data\rain\rain7.jpg
rain	E:\repositories\private\weather-classifier\data\rain\rain70.jpg
rain	E:\repositories\private\weather-classifier\data\rain\rain71.jpg
rain	E:\repositories\private\weather-classifier\data\rain\rain72.jpg
rain	E:\repositories\private\weather-classifier\data\rain\rain73.jpg
rain	E:\repositories\private\weather-classifier\data\rain\rain74.jpg
rain	E:\repositories\private\weather-classifier\data\rain\rain75.jpg
rain	E:\repositories\private\weather-classifier\data\rain\rain76.jpg
rain	E:\repositories\private\weather-classifier\data\rain\rain77.jpg
rain	E:\repositories\private\weather-classifier\data\rain\rain78.jpg
rain	E:\repositories\private\weather-classifier\data\rain\rain79.jpg
rain	E:\repositories\private\weather-classifier\data\rain\rain8.jpg
rain	E:\repositories\private\weather-classifier\data\rain\rain80.jpg
rain	E:\repositories\private\weather-classifier\data\rain\rain81.jpg
rain	E:\repositories\private\weather-classifier\data\rain\rain82.jpg
rain	E:\repositories\private\weather-classifier\data\rain\rain83.jpg
rain	E:\repositories\private\weather-classifier\data\rain\rain84.jpg
rain	E:\repositories\private\weather-classifier\data\rain\rain85.jpg
rain	E:\repositories\private\weather-classifier\data\rain\rain86.jpg
rain	E:\repositories\private\weather-classifier\data\rain\rain87.jpg
rain	E:\repositories\private\weather-classifier\data\rain\rain88.jpg
rain	E:\repositories\private\weather-classifier\data\rain\rain89.jpg
rain	E:\repositories\private\weather-classifier\data\rain\rain9.jpg
rain	E:\repositories\private\weather-classifier\data\rain\rain90.jpg
rain	E:\repositories\private\weather-classifier\data\rain\rain91.jpg
rain	E:\repositories\private\weather-classifier\data\rain\rain92.jpg
rain	E:\repositories\private\weather-classifier\data\rain\rain93.jpg
rain	E:\repositories\private\weather-classifier\data\rain\rain94.jpg
rain	E:\repositories\private\weather-classifier\data\rain\rain95.jpg
rain	E:\repositories\private\weather-classifier\data\rain\rain96.jpg
rain	E:\repositories\private\weather-classifier\data\rain\rain97.jpg
rain	E:\repositories\private\weather-classifier\data\rain\rain98.jpg
rain	E:\repositories\private\weather-classifier\data\rain\rain99.jpg
shine	E:\repositories\private\weather-classifier\data\shine\shine133.jpg
shine	E:\repositories\private\weather-classifier\data\shine\shine134.jpg
shine	E:\repositories\private\weather-classifier\data\shine\shine135.jpg
shine	E:\repositories\private\weather-classifier\data\shine\shine136.jpg
shine	E:\repositories\private\weather-classifier\data\shine\shine137.jpg
shine	E:\repositories\private\weather-classifier\data\shine\shine138.jpg
shine	E:\repositories\private\weather-classifier\data\shine\shine139.jpg
shine	E:\repositories\private\weather-classifier\data\shine\shine14.jpg
shine	E:\repositories\private\weather-classifier\data\shine\shine140.jpg
shine	E:\repositories\private\weather-classifier\data\shine\shine141.jpg
shine	E:\repositories\private\weather-classifier\data\shine\shine142.jpg
shine	E:\repositories\private\weather-classifier\data\shine\shine143.jpg
shine	E:\repositories\private\weather-classifier\data\shine\shine144.jpg
shine	E:\repositories\private\weather-classifier\data\shine\shine145.jpg
shine	E:\repositories\private\weather-classifier\data\shine\shine146.jpg
shine	E:\repositories\private\weather-classifier\data\shine\shine147.jpg
shine	E:\repositories\private\weather-classifier\data\shine\shine148.jpg
shine	E:\repositories\private\weather-classifier\data\shine\shine149.jpg
shine	E:\repositories\private\weather-classifier\data\shine\shine15.jpg
shine	E:\repositories\private\weather-classifier\data\shine\shine150.jpg
shine	E:\repositories\private\weather-classifier\data\shine\shine151.jpg
shine	E:\repositories\private\weather-classifier\data\shine\shine152.jpg
shine	E:\repositories\private\weather-classifier\data\shine\shine153.jpg
shine	E:\repositories\private\weather-classifier\data\shine\shine154.jpg
shine	E:\repositories\private\weather-classifier\data\shine\shine155.jpg
shine	E:\repositories\private\weather-classifier\data\shine\shine156.jpg
shine	E:\repositories\private\weather-classifier\data\shine\shine157.jpg
shine	E:\repositories\private\weather-classifier\data\shine\shine158.jpg
shine	E:\repositories\private\weather-classifier\data\shine\shine159.jpg
shine	E:\repositories\private\weather-classifier\data\shine\shine16.jpg
shine	E:\repositories\private\weather-classifier\data\shine\shine160.jpg
shine	E:\repositories\private\weather-classifier\data\shine\shine161.jpg
shine	E:\repositories\private\weather-classifier\data\shine\shine162.jpg
shine	E:\repositories\private\weather-classifier\data\shine\shine163.jpg
shine	E:\repositories\private\weather-classifier\data\shine\shine164.jpg
shine	E:\repositories\private\weather-classifier\data\shine\shine165.jpg
shine	E:\repositories\private\weather-classifier\data\shine\shine166.jpg
shine	E:\repositories\private\weather-classifier\data\shine\shine167.jpg
shine	E:\repositories\private\weather-classifier\data\shine\shine168.jpg
shine	E:\repositories\private\weather-classifier\data\shine\shine169.jpg
shine	E:\repositories\private\weather-classifier\data\shine\shine17.jpg
shine	E:\repositories\private\weather-classifier\data\shine\shine170.jpg
shine	E:\repositories\private\weather-classifier\data\shine\shine171.jpg
shine	E:\repositories\private\weather-classifier\data\shine\shine172.jpg
shine	E:\repositories\private\weather-classifier\data\shine\shine173.jpg
shine	E:\repositories\private\weather-classifier\data\shine\shine174.jpg
shine	E:\repositories\private\weather-classifier\data\shine\shine175.jpg
shine	E:\repositories\private\weather-classifier\data\shine\shine176.jpg
shine	E:\repositories\private\weather-classifier\data\shine\shine177.jpg
shine	E:\repositories\private\weather-classifier\data\shine\shine178.jpg
shine	E:\repositories\private\weather-classifier\data\shine\shine179.jpg
shine	E:\repositories\private\weather-classifier\data\shine\shine18.jpg
shine	E:\repositories\private\weather-classifier\data\shine\shine180.jpg
shine	E:\repositories\private\weather-classifier\data\shine\shine181.jpg
shine	E:\repositories\private\weather-classifier\data\shine\shine182.jpg
shine	E:\repositories\private\weather-classifier\data\shine\shine183.jpg
shine	E:\repositories\private\weather-classifier\data\shine\shine184.jpg
shine	E:\repositories\private\weather-classifier\data\shine\shine185.jpg
shine	E:\repositories\private\weather-classifier\data\shine\shine186.jpg
shine	E:\repositories\private\weather-classifier\data\shine\shine187.jpg
shine	E:\repositories\private\weather-classifier\data\shine\shine188.jpg
shine	E:\repositories\private\weather-classifier\data\shine\shine189.jpg
shine	E:\repositories\private\weather-classifier\data\shine\shine19.jpg
shine	E:\repositories\private\weather-classifier\data\shine\shine190.jpg
shine	E:\repositories\private\weather-classifier\data\shine\shine191.jpg
shine	E:\repositories\private\weather-classifier\data\shine\shine192.jpg
shine	E:\repositories\private\weather-classifier\data\shine\shine193.jpg
shine	E:\repositories\private\weather-classifier\data\shine\shine194.jpg
shine	E:\repositories\private\weather-classifier\data\shine\shine195.jpg
shine	E:\repositories\private\weather-classifier\data\shine\shine196.jpg
shine	E:\repositories\private\weather-classifier\data\shine\shine197.jpg
shine	E:\repositories\private\weather-classifier\data\shine\shine198.jpg
shine	E:\repositories\private\weather-classifier\data\shine\shine199.jpg
shine	E:\repositories\private\weather-classifier\data\shine\shine2.jpg
shine	E:\repositories\private\weather-classifier\data\shine\shine20.jpg
shine	E:\repositories\private\weather-classifier\data\shine\shine200.jpg
shine	E:\repositories\private\weather-classifier\data\shine\shine201.jpg
shine	E:\repositories\private\weather-classifier\data\shine\shine202.jpg
shine	E:\repositories\private\weather-classifier\data\shine\shine203.jpg
shine	E:\repositories\private\weather-classifier\data\shine\shine204.jpg
shine	E:\repositories\private\weather-classifier\data\shine\shine205.jpg
shine	E:\repositories\private\weather-classifier\data\shine\shine206.jpg
shine	E:\repositories\private\weather-classifier\data\shine\shine207.jpg
shine	E:\repositories\private\weather-classifier\data\shine\shine208.jpg
shine	E:\repositories\private\weather-classifier\data\shine\shine209.jpg
shine	E:\repositories\private\weather-classifier\data\shine\shine21.jpg
shine	E:\repositories\private\weather-classifier\data\shine\shine210.jpg
shine	E:\repositories\private\weather-classifier\data\shine\shine211.jpg
shine	E:\repositories\private\weather-classifier\data\shine\shine212.jpg
shine	E:\repositories\private\weather-classifier\data\shine\shine213.jpg
shine	E:\repositories\private\weather-classifier\data\shine\shine214.jpg
shine	E:\repositories\private\weather-classifier\data\shine\shine215.jpg
shine	E:\repositories\private\weather-classifier\data\shine\shine216.jpg
shine	E:\repositories\private\weather-classifier\data\shine\shine217.jpg
shine	E:\repositories\private\weather-classifier\data\shine\shine218.jpg
shine	E:\repositories\private\weather-classifier\data\shine\shine219.jpg
shine	E:\repositories\private\weather-classifier\data\shine\shine22.jpg
shine	E:\repositories\private\weather-classifier\data\shine\shine220.jpg
shine	E:\repositories\private\weather-classifier\data\shine\shine221.jpg
shine	E:\repositories\private\weather-classifier\data\shine\shine222.jpg
shine	E:\repositories\private\weather-classifier\data\shine\shine223.jpg
shine	E:\repositories\private\weather-classifier\data\shine\shine224.jpg
shine	E:\repositories\private\weather-classifier\data\shine\shine225.jpg
shine	E:\repositories\private\weather-classifier\data\shine\shine226.jpg
shine	E:\repositories\private\weather-classifier\data\shine\shine227.jpg
shine	E:\repositories\private\weather-classifier\data\shine\shine228.jpg
shine	E:\repositories\private\weather-classifier\data\shine\shine229.jpg
shine	E:\repositories\private\weather-classifier\data\shine\shine23.jpg
shine	E:\repositories\private\weather-classifier\data\shine\shine230.jpg
shine	E:\repositories\private\weather-classifier\data\shine\shine231.jpg
shine	E:\repositories\private\weather-classifier\data\shine\shine232.jpg
shine	E:\repositories\private\weather-classifier\data\shine\shine233.jpg
shine	E:\repositories\private\weather-classifier\data\shine\shine234.jpg
shine	E:\repositories\private\weather-classifier\data\shine\shine235.jpg
shine	E:\repositories\private\weather-classifier\data\shine\shine236.jpg
shine	E:\repositories\private\weather-classifier\data\shine\shine237.jpg
shine	E:\repositories\private\weather-classifier\data\shine\shine238.jpg
shine	E:\repositories\private\weather-classifier\data\shine\shine239.jpg
shine	E:\repositories\private\weather-classifier\data\shine\shine24.jpg
shine	E:\repositories\private\weather-classifier\data\shine\shine240.jpg
shine	E:\repositories\private\weather-classifier\data\shine\shine241.jpg
shine	E:\repositories\private\weather-classifier\data\shine\shine242.jpg
shine	E:\repositories\private\weather-classifier\data\shine\shine243.jpg
shine	E:\repositories\private\weather-classifier\data\shine\shine244.jpg
shine	E:\repositories\private\weather-classifier\data\shine\shine245.jpg
shine	E:\repositories\private\weather-classifier\data\shine\shine246.jpg
shine	E:\repositories\private\weather-classifier\data\shine\shine247.jpg
shine	E:\repositories\private\weather-classifier\data\shine\shine248.jpg
shine	E:\repositories\private\weather-classifier\data\shine\shine249.jpg
shine	E:\repositories\private\weather-classifier\data\shine\shine25.jpg
shine	E:\repositories\private\weather-classifier\data\shine\shine250.jpg
shine	E:\repositories\private\weather-classifier\data\shine\shine251.jpg
shine	E:\repositories\private\weather-classifier\data\shine\shine252.jpg
shine	E:\repositories\private\weather-classifier\data\shine\shine26.jpg
shine	E:\repositories\private\weather-classifier\data\shine\shine27.jpg
shine	E:\repositories\private\weather-classifier\data\shine\shine28.jpg
shine	E:\repositories\private\weather-classifier\data\shine\shine29.jpg
shine	E:\repositories\private\weather-classifier\data\shine\shine3.jpg
shine	E:\repositories\private\weather-classifier\data\shine\shine30.jpg
shine	E:\repositories\private\weather-classifier\data\shine\shine31.jpg
shine	E:\repositories\private\weather-classifier\data\shine\shine32.jpg
shine	E:\repositories\private\weather-classifier\data\shine\shine33.jpg
shine	E:\repositories\private\weather-classifier\data\shine\shine34.jpg
shine	E:\repositories\private\weather-classifier\data\shine\shine35.jpg
shine	E:\repositories\private\weather-classifier\data\shine\shine36.jpg
shine	E:\repositories\private\weather-classifier\data\shine\shine37.jpg
shine	E:\repositories\private\weather-classifier\data\shine\shine38.jpg
shine	E:\repositories\private\weather-classifier\data\shine\shine39.jpg
shine	E:\repositories\private\weather-classifier\data\shine\shine4.jpg
shine	E:\repositories\private\weather-classifier\data\shine\shine40.jpg
shine	E:\repositories\private\weather-classifier\data\shine\shine41.jpg
shine	E:\repositories\private\weather-classifier\data\shine\shine42.jpg
shine	E:\repositories\private\weather-classifier\data\shine\shine43.jpg
shine	E:\repositories\private\weather-classifier\data\shine\shine44.jpg
shine	E:\repositories\private\weather-classifier\data\shine\shine45.jpg
shine	E:\repositories\private\weather-classifier\data\shine\shine46.jpg
shine	E:\repositories\private\weather-classifier\data\shine\shine47.jpg
shine	E:\repositories\private\weather-classifier\data\shine\shine48.jpg
shine	E:\repositories\private\weather-classifier\data\shine\shine49.jpg
shine	E:\repositories\private\weather-classifier\data\shine\shine5.jpg
shine	E:\repositories\private\weather-classifier\data\shine\shine50.jpg
shine	E:\repositories\private\weather-classifier\data\shine\shine51.jpg
shine	E:\repositories\private\weather-classifier\data\shine\shine52.jpg
shine	E:\repositories\private\weather-classifier\data\shine\shine53.jpg
shine	E:\repositories\private\weather-classifier\data\shine\shine54.jpg
shine	E:\repositories\private\weather-classifier\data\shine\shine55.jpg
shine	E:\repositories\private\weather-classifier\data\shine\shine56.jpg
shine	E:\repositories\private\weather-classifier\data\shine\shine57.jpg
shine	E:\repositories\private\weather-classifier\data\shine\shine58.jpg
shine	E:\repositories\private\weather-classifier\data\shine\shine59.jpg
shine	E:\repositories\private\weather-classifier\data\shine\shine6.jpg
shine	E:\repositories\private\weather-classifier\data\shine\shine60.jpg
shine	E:\repositories\private\weather-classifier\data\shine\shine61.jpg
shine	E:\repositories\private\weather-classifier\data\shine\shine62.jpg
shine	E:\repositories\private\weather-classifier\data\shine\shine63.jpg
shine	E:\repositories\private\weather-classifier\data\shine\shine64.jpg
shine	E:\repositories\private\weather-classifier\data\shine\shine65.jpg
shine	E:\repositories\private\weather-classifier\data\shine\shine66.jpg
shine	E:\repositories\private\weather-classifier\data\shine\shine67.jpg
shine	E:\repositories\private\weather-classifier\data\shine\shine68.jpg
shine	E:\repositories\private\weather-classifier\data\shine\shine69.jpg
shine	E:\repositories\private\weather-classifier\data\shine\shine7.jpg
shine	E:\repositories\private\weather-classifier\data\shine\shine70.jpg
shine	E:\repositories\private\weather-classifier\data\shine\shine71.jpg
shine	E:\repositories\private\weather-classifier\data\shine\shine72.jpg
shine	E:\repositories\private\weather-classifier\data\shine\shine73.jpg
shine	E:\repositories\private\weather-classifier\data\shine\shine74.jpg
shine	E:\repositories\private\weather-classifier\data\shine\shine75.jpg
shine	E:\repositories\private\weather-classifier\data\shine\shine76.jpg
shine	E:\repositories\private\weather-classifier\data\shine\shine77.jpg
shine	E:\repositories\private\weather-classifier\data\shine\shine78.jpg
shine	E:\repositories\private\weather-classifier\data\shine\shine79.jpg
shine	E:\repositories\private\weather-classifier\data\shine\shine8.jpg
shine	E:\repositories\private\weather-classifier\data\shine\shine80.jpg
shine	E:\repositories\private\weather-classifier\data\shine\shine81.jpg
shine	E:\repositories\private\weather-classifier\data\shine\shine82.jpg
shine	E:\repositories\private\weather-classifier\data\shine\shine83.jpg
shine	E:\repositories\private\weather-classifier\data\shine\shine84.jpg
shine	E:\repositories\private\weather-classifier\data\shine\shine85.jpg
shine	E:\repositories\private\weather-classifier\data\shine\shine86.jpg
shine	E:\repositories\private\weather-classifier\data\shine\shine87.jpg
shine	E:\repositories\private\weather-classifier\data\shine\shine88.jpg
shine	E:\repositories\private\weather-classifier\data\shine\shine89.jpg
shine	E:\repositories\private\weather-classifier\data\shine\shine9.jpg
shine	E:\repositories\private\weather-classifier\data\shine\shine90.jpg
shine	E:\repositories\private\weather-classifier\data\shine\shine91.jpg
shine	E:\repositories\private\weather-classifier\data\shine\shine92.jpg
shine	E:\repositories\private\weather-classifier\data\shine\shine93.jpg
shine	E:\repositories\private\weather-classifier\data\shine\shine94.jpg
shine	E:\repositories\private\weather-classifier\data\shine\shine95.jpg
shine	E:\repositories\private\weather-classifier\data\shine\shine96.jpg
shine	E:\repositories\private\weather-classifier\data\shine\shine97.jpg
shine	E:\repositories\private\weather-classifier\data\shine\shine98.jpg
shine	E:\repositories\private\weather-classifier\data\shine\shine99.jpg
storm	E:\repositories\private\weather-classifier\data\storm\storm133.jpg
storm	E:\repositories\private\weather-classifier\data\storm\storm134.jpg
storm	E:\repositories\private\weather-classifier\data\storm\storm135.jpg
storm	E:\repositories\private\weather-classifier\data\storm\storm136.jpg
storm	E:\repositories\private\weather-classifier\data\storm\storm137.jpg
storm	E:\repositories\private\weather-classifier\data\storm\storm138.jpg
storm	E:\repositories\private\weather-classifier\data\storm\storm139.jpg
storm	E:\repositories\private\weather-classifier\data\storm\storm14.jpg
storm	E:\repositories\private\weather-classifier\data\storm\storm140.jpg
storm	E:\repositories\private\weather-classifier\data\storm\storm141.jpg
storm	E:\repositories\private\weather-classifier\data\storm\storm142.jpg
storm	E:\repositories\private\weather-classifier\data\storm\storm143.jpg
storm	E:\repositories\private\weather-classifier\data\storm\storm144.jpg
storm	E:\repositories\private\weather-classifier\data\storm\storm145.jpg
storm	E:\repositories\private\weather-classifier\data\storm\storm146.jpg
storm	E:\repositories\private\weather-classifier\data\storm\storm147.jpg
storm	E:\repositories\private\weather-classifier\data\storm\storm148.jpg
storm	E:\repositories\private\weather-classifier\data\storm\storm149.jpg
storm	E:\repositories\private\weather-classifier\data\storm\storm15.jpg
storm	E:\repositories\private\weather-classifier\data\storm\storm150.jpg
storm	E:\repositories\private\weather-classifier\data\storm\storm151.jpg
storm	E:\repositories\private\weather-classifier\data\storm\storm152.jpg
storm	E:\repositories\private\weather-classifier\data\storm\storm153.jpg
storm	E:\repositories\private\weather-classifier\data\storm\storm154.jpg
storm	E:\repositories\private\weather-classifier\data\storm\storm155.jpg
storm	E:\repositories\private\weather-classifier\data\storm\storm156.jpg
storm	E:\repositories\private\weather-classifier\data\storm\storm157.jpg
storm	E:\repositories\private\weather-classifier\data\storm\storm158.jpg
storm	E:\repositories\private\weather-classifier\data\storm\storm159.jpg
storm	E:\repositories\private\weather-classifier\data\storm\storm16.jpg
storm	E:\repositories\private\weather-classifier\data\storm\storm160.jpg
storm	E:\repositories\private\weather-classifier\data\storm\storm161.jpg
storm	E:\repositories\private\weather-classifier\data\storm\storm162.jpg
storm	E:\repositories\private\weather-classifier\data\storm\storm163.jpg
storm	E:\repositories\private\weather-classifier\data\storm\storm164.jpg
storm	E:\repositories\private\weather-classifier\data\storm\storm165.jpg
storm	E:\repositories\private\weather-classifier\data\storm\storm166.jpg
storm	E:\repositories\private\weather-classifier\data\storm\storm167.jpg
storm	E:\repositories\private\weather-classifier\data\storm\storm168.jpg
storm	E:\repositories\private\weather-classifier\data\storm\storm169.jpg
storm	E:\repositories\private\weather-classifier\data\storm\storm17.jpg
storm	E:\repositories\private\weather-classifier\data\storm\storm170.jpg
storm	E:\repositories\private\weather-classifier\data\storm\storm171.jpg
storm	E:\repositories\private\weather-classifier\data\storm\storm172.jpg
storm	E:\repositories\private\weather-classifier\data\storm\storm173.jpg
storm	E:\repositories\private\weather-classifier\data\storm\storm174.jpg
storm	E:\repositories\private\weather-classifier\data\storm\storm175.jpg
storm	E:\repositories\private\weather-classifier\data\storm\storm176.jpg
storm	E:\repositories\private\weather-classifier\data\storm\storm177.jpg
storm	E:\repositories\private\weather-classifier\data\storm\storm178.jpg
storm	E:\repositories\private\weather-classifier\data\storm\storm179.jpg
storm	E:\repositories\private\weather-classifier\data\storm\storm18.jpg
storm	E:\repositories\private\weather-classifier\data\storm\storm180.jpg
storm	E:\repositories\private\weather-classifier\data\storm\storm181.jpg
storm	E:\repositories\private\weather-classifier\data\storm\storm182.jpg
storm	E:\repositories\private\weather-classifier\data\storm\storm183.jpg
storm	E:\repositories\private\weather-classifier\data\storm\storm184.jpg
storm	E:\repositories\private\weather-classifier\data\storm\storm185.jpg
storm	E:\repositories\private\weather-classifier\data\storm\storm186.jpg
storm	E:\repositories\private\weather-classifier\data\storm\storm187.jpg
storm	E:\repositories\private\weather-classifier\data\storm\storm188.jpg
storm	E:\repositories\private\weather-classifier\data\storm\storm189.jpg
storm	E:\repositories\private\weather-classifier\data\storm\storm19.jpg
storm	E:\repositories\private\weather-classifier\data\storm\storm190.jpg
storm	E:\repositories\private\weather-classifier\data\storm\storm191.jpg
storm	E:\repositories\private\weather-classifier\data\storm\storm192.jpg
storm	E:\repositories\private\weather-classifier\data\storm\storm193.jpg
storm	E:\repositories\private\weather-classifier\data\storm\storm194.jpg
storm	E:\repositories\private\weather-classifier\data\storm\storm195.jpg
storm	E:\repositories\private\weather-classifier\data\storm\storm196.jpg
storm	E:\repositories\private\weather-classifier\data\storm\storm197.jpg
storm	E:\repositories\private\weather-classifier\data\storm\storm198.jpg
storm	E:\repositories\private\weather-classifier\data\storm\storm199.jpg
storm	E:\repositories\private\weather-classifier\data\storm\storm2.jpg
storm	E:\repositories\private\weather-classifier\data\storm\storm20.jpg
storm	E:\repositories\private\weather-classifier\data\storm\storm200.jpg
storm	E:\repositories\private\weather-classifier\data\storm\storm201.jpg
storm	E:\repositories\private\weather-classifier\data\storm\storm202.jpg
storm	E:\repositories\private\weather-classifier\data\storm\storm203.jpg
storm	E:\repositories\private\weather-classifier\data\storm\storm204.jpg
storm	E:\repositories\private\weather-classifier\data\storm\storm205.jpg
storm	E:\repositories\private\weather-classifier\data\storm\storm206.jpg
storm	E:\repositories\private\weather-classifier\data\storm\storm207.jpg
storm	E:\repositories\private\weather-classifier\data\storm\storm208.jpg
storm	E:\repositories\private\weather-classifier\data\storm\storm209.jpg
storm	E:\repositories\private\weather-classifier\data\storm\storm21.jpg
storm	E:\repositories\private\weather-classifier\data\storm\storm210.jpg
storm	E:\repositories\private\weather-classifier\data\storm\storm211.jpg
storm	E:\repositories\private\weather-classifier\data\storm\storm212.jpg
storm	E:\repositories\private\weather-classifier\data\storm\storm213.jpg
storm	E:\repositories\private\weather-classifier\data\storm\storm214.jpg
storm	E:\repositories\private\weather-classifier\data\storm\storm215.jpg
storm	E:\repositories\private\weather-classifier\data\storm\storm216.jpg
storm	E:\repositories\private\weather-classifier\data\storm\storm217.jpg
storm	E:\repositories\private\weather-classifier\data\storm\storm218.jpg
storm	E:\repositories\private\weather-classifier\data\storm\storm219.jpg
storm	E:\repositories\private\weather-classifier\data\storm\storm22.jpg
storm	E:\repositories\private\weather-classifier\data\storm\storm220.jpg
storm	E:\repositories\private\weather-classifier\data\storm\storm221.jpg
storm	E:\repositories\private\weather-classifier\data\storm\storm222.jpg
storm	E:\repositories\private\weather-classifier\data\storm\storm223.jpg
storm	E:\repositories\private\weather-classifier\data\storm\storm224.jpg
storm	E:\repositories\private\weather-classifier\data\storm\storm225.jpg
storm	E:\repositories\private\weather-classifier\data\storm\storm226.jpg
storm	E:\repositories\private\weather-classifier\data\storm\storm227.jpg
storm	E:\repositories\private\weather-classifier\data\storm\storm228.jpg
storm	E:\repositories\private\weather-classifier\data\storm\storm229.jpg
storm	E:\repositories\private\weather-classifier\data\storm\storm23.jpg
storm	E:\repositories\private\weather-classifier\data\storm\storm230.jpg
storm	E:\repositories\private\weather-classifier\data\storm\storm231.jpg
storm	E:\repositories\private\weather-classifier\data\storm\storm232.jpg
storm	E:\repositories\private\weather-classifier\data\storm\storm233.jpg
storm	E:\repositories\private\weather-classifier\data\storm\storm234.jpg
storm	E:\repositories\private\weather-classifier\data\storm\storm235.jpg
storm	E:\repositories\private\weather-classifier\data\storm\storm236.jpg
storm	E:\repositories\private\weather-classifier\data\storm\storm237.jpg
storm	E:\repositories\private\weather-classifier\data\storm\storm238.jpg
storm	E:\repositories\private\weather-classifier\data\storm\storm239.jpg
storm	E:\repositories\private\weather-classifier\data\storm\storm24.jpg
storm	E:\repositories\private\weather-classifier\data\storm\storm240.jpg
storm	E:\repositories\private\weather-classifier\data\storm\storm241.jpg
storm	E:\repositories\private\weather-classifier\data\storm\storm242.jpg
storm	E:\repositories\private\weather-classifier\data\storm\storm243.jpg
storm	E:\repositories\private\weather-classifier\data\storm\storm244.jpg
storm	E:\repositories\private\weather-classifier\data\storm\storm245.jpg
storm	E:\repositories\private\weather-classifier\data\storm\storm246.jpg
storm	E:\repositories\private\weather-classifier\data\storm\storm247.jpg
storm	E:\repositories\private\weather-classifier\data\storm\storm248.jpg
storm	E:\repositories\private\weather-classifier\data\storm\storm249.jpg
storm	E:\repositories\private\weather-classifier\data\storm\storm25.jpg
storm	E:\repositories\private\weather-classifier\data\storm\storm250.jpg
storm	E:\repositories\private\weather-classifier\data\storm\storm251.jpg
storm	E:\repositories\private\weather-classifier\data\storm\storm252.jpg
storm	E:\repositories\private\weather-classifier\data\storm\storm253.jpg
storm	E:\repositories\private\weather-classifier\data\storm\storm26.jpg
storm	E:\repositories\private\weather-classifier\data\storm\storm27.jpg
storm	E:\repositories\private\weather-classifier\data\storm\storm28.jpg
storm	E:\repositories\private\weather-classifier\data\storm\storm29.jpg
storm	E:\repositories\private\weather-classifier\data\storm\storm3.jpg
storm	E:\repositories\private\weather-classifier\data\storm\storm30.jpg
storm	E:\repositories\private\weather-classifier\data\storm\storm31.jpg
storm	E:\repositories\private\weather-classifier\data\storm\storm32.jpg
storm	E:\repositories\private\weather-classifier\data\storm\storm33.jpg
storm	E:\repositories\private\weather-classifier\data\storm\storm34.jpg
storm	E:\repositories\private\weather-classifier\data\storm\storm35.jpg
storm	E:\repositories\private\weather-classifier\data\storm\storm36.jpg
storm	E:\repositories\private\weather-classifier\data\storm\storm37.jpg
storm	E:\repositories\private\weather-classifier\data\storm\storm38.jpg
storm	E:\repositories\private\weather-classifier\data\storm\storm39.jpg
storm	E:\repositories\private\weather-classifier\data\storm\storm4.jpg
storm	E:\repositories\private\weather-classifier\data\storm\storm40.jpg
storm	E:\repositories\private\weather-classifier\data\storm\storm41.jpg
storm	E:\repositories\private\weather-classifier\data\storm\storm42.jpg
storm	E:\repositories\private\weather-classifier\data\storm\storm43.jpg
storm	E:\repositories\private\weather-classifier\data\storm\storm44.jpg
storm	E:\repositories\private\weather-classifier\data\storm\storm45.jpg
storm	E:\repositories\private\weather-classifier\data\storm\storm46.jpg
storm	E:\repositories\private\weather-classifier\data\storm\storm47.jpg
storm	E:\repositories\private\weather-classifier\data\storm\storm48.jpg
storm	E:\repositories\private\weather-classifier\data\storm\storm49.jpg
storm	E:\repositories\private\weather-classifier\data\storm\storm5.jpg
storm	E:\repositories\private\weather-classifier\data\storm\storm50.jpg
storm	E:\repositories\private\weather-classifier\data\storm\storm51.jpg
storm	E:\repositories\private\weather-classifier\data\storm\storm52.jpg
storm	E:\repositories\private\weather-classifier\data\storm\storm53.jpg
storm	E:\repositories\private\weather-classifier\data\storm\storm54.jpg
storm	E:\repositories\private\weather-classifier\data\storm\storm55.jpg
storm	E:\repositories\private\weather-classifier\data\storm\storm56.jpg
storm	E:\repositories\private\weather-classifier\data\storm\storm57.jpg
storm	E:\repositories\private\weather-classifier\data\storm\storm58.jpg
storm	E:\repositories\private\weather-classifier\data\storm\storm59.jpg
storm	E:\repositories\private\weather-classifier\data\storm\storm6.jpg
storm	E:\repositories\private\weather-classifier\data\storm\storm60.jpg
storm	E:\repositories\private\weather-classifier\data\storm\storm61.jpg
storm	E:\repositories\private\weather-classifier\data\storm\storm62.jpg
storm	E:\repositories\private\weather-classifier\data\storm\storm63.jpg
storm	E:\repositories\private\weather-classifier\data\storm\storm64.jpg
storm	E:\repositories\private\weather-classifier\data\storm\storm65.jpg
storm	E:\repositories\private\weather-classifier\data\storm\storm66.jpg
storm	E:\repositories\private\weather-classifier\data\storm\storm67.jpg
storm	E:\repositories\private\weather-classifier\data\storm\storm68.jpg
storm	E:\repositories\private\weather-classifier\data\storm\storm69.jpg
storm	E:\repositories\private\weather-classifier\data\storm\storm7.jpg
storm	E:\repositories\private\weather-classifier\data\storm\storm70.jpg
storm	E:\repositories\private\weather-classifier\data\storm\storm71.jpg
storm	E:\repositories\private\weather-classifier\data\storm\storm72.jpg
storm	E:\repositories\private\weather-classifier\data\storm\storm73.jpg
storm	E:\repositories\private\weather-classifier\data\storm\storm74.jpg
storm	E:\repositories\private\weather-classifier\data\storm\storm75.jpg
storm	E:\repositories\private\weather-classifier\data\storm\storm76.jpg
storm	E:\repositories\private\weather-classifier\data\storm\storm77.jpg
storm	E:\repositories\private\weather-classifier\data\storm\storm78.jpg
storm	E:\repositories\private\weather-classifier\data\storm\storm79.jpg
storm	E:\repositories\private\weather-classifier\data\storm\storm8.jpg
storm	E:\repositories\private\weather-classifier\data\storm\storm80.jpg
storm	E:\repositories\private\weather-classifier\data\storm\storm81.jpg
storm	E:\repositories\private\weather-classifier\data\storm\storm82.jpg
storm	E:\repositories\private\weather-classifier\data\storm\storm83.jpg
storm	E:\repositories\private\weather-classifier\data\storm\storm84.jpg
storm	E:\repositories\private\weather-classifier\data\storm\storm85.jpg
storm	E:\repositories\private\weather-classifier\data\storm\storm86.jpg
storm	E:\repositories\private\weather-classifier\data\storm\storm87.jpg
storm	E:\repositories\private\weather-classifier\data\storm\storm88.jpg
storm	E:\repositories\private\weather-classifier\data\storm\storm89.jpg
storm	E:\repositories\private\weather-classifier\data\storm\storm9.jpg
storm	E:\repositories\private\weather-classifier\data\storm\storm90.jpg
storm	E:\repositories\private\weather-classifier\data\storm\storm91.jpg
storm	E:\repositories\private\weather-classifier\data\storm\storm92.jpg
storm	E:\repositories\private\weather-classifier\data\storm\storm93.jpg
storm	E:\repositories\private\weather-classifier\data\storm\storm94.jpg
storm	E:\repositories\private\weather-classifier\data\storm\storm95.jpg
storm	E:\repositories\private\weather-classifier\data\storm\storm96.jpg
storm	E:\repositories\private\weather-classifier\data\storm\storm97.jpg
storm	E:\repositories\private\weather-classifier\data\storm\storm98.jpg
storm	E:\repositories\private\weather-classifier\data\storm\storm99.jpg
sunrise	E:\repositories\private\weather-classifier\data\sunrise\sunrise148.jpg
sunrise	E:\repositories\private\weather-classifier\data\sunrise\sunrise149.jpg
sunrise	E:\repositories\private\weather-classifier\data\sunrise\sunrise15.jpg
sunrise	E:\repositories\private\weather-classifier\data\sunrise\sunrise150.jpg
sunrise	E:\repositories\private\weather-classifier\data\sunrise\sunrise151.jpg
sunrise	E:\repositories\private\weather-classifier\data\sunrise\sunrise152.jpg
sunrise	E:\repositories\private\weather-classifier\data\sunrise\sunrise153.jpg
sunrise	E:\repositories\private\weather-classifier\data\sunrise\sunrise154.jpg
sunrise	E:\repositories\private\weather-classifier\data\sunrise\sunrise155.jpg
sunrise	E:\repositories\private\weather-classifier\data\sunrise\sunrise156.jpg
sunrise	E:\repositories\private\weather-classifier\data\sunrise\sunrise157.jpg
sunrise	E:\repositories\private\weather-classifier\data\sunrise\sunrise158.jpg
sunrise	E:\repositories\private\weather-classifier\data\sunrise\sunrise159.jpg
sunrise	E:\repositories\private\weather-classifier\data\sunrise\sunrise16.jpg
sunrise	E:\repositories\private\weather-classifier\data\sunrise\sunrise160.jpg
sunrise	E:\repositories\private\weather-classifier\data\sunrise\sunrise161.jpg
sunrise	E:\repositories\private\weather-classifier\data\sunrise\sunrise162.jpg
sunrise	E:\repositories\private\weather-classifier\data\sunrise\sunrise163.jpg
sunrise	E:\repositories\private\weather-classifier\data\sunrise\sunrise164.jpg
sunrise	E:\repositories\private\weather-classifier\data\sunrise\sunrise165.jpg
sunrise	E:\repositories\private\weather-classifier\data\sunrise\sunrise166.jpg
sunrise	E:\repositories\private\weather-classifier\data\sunrise\sunrise167.jpg
sunrise	E:\repositories\private\weather-classifier\data\sunrise\sunrise168.jpg
sunrise	E:\repositories\private\weather-classifier\data\sunrise\sunrise169.jpg
sunrise	E:\repositories\private\weather-classifier\data\sunrise\sunrise17.jpg
sunrise	E:\repositories\private\weather-classifier\data\sunrise\sunrise170.jpg
sunrise	E:\repositories\private\weather-classifier\data\sunrise\sunrise171.jpg
sunrise	E:\repositories\private\weather-classifier\data\sunrise\sunrise172.jpg
sunrise	E:\repositories\private\weather-classifier\data\sunrise\sunrise173.jpg
sunrise	E:\repositories\private\weather-classifier\data\sunrise\sunrise174.jpg
sunrise	E:\repositories\private\weather-classifier\data\sunrise\sunrise175.jpg
sunrise	E:\repositories\private\weather-classifier\data\sunrise\sunrise176.jpg
sunrise	E:\repositories\private\weather-classifier\data\sunrise\sunrise177.jpg
sunrise	E:\repositories\private\weather-classifier\data\sunrise\sunrise178.jpg
sunrise	E:\repositories\private\weather-classifier\data\sunrise\sunrise179.jpg
sunrise	E:\repositories\private\weather-classifier\data\sunrise\sunrise18.jpg
sunrise	E:\repositories\private\weather-classifier\data\sunrise\sunrise180.jpg
sunrise	E:\repositories\private\weather-classifier\data\sunrise\sunrise181.jpg
sunrise	E:\repositories\private\weather-classifier\data\sunrise\sunrise182.jpg
sunrise	E:\repositories\private\weather-classifier\data\sunrise\sunrise183.jpg
sunrise	E:\repositories\private\weather-classifier\data\sunrise\sunrise184.jpg
sunrise	E:\repositories\private\weather-classifier\data\sunrise\sunrise185.jpg
sunrise	E:\repositories\private\weather-classifier\data\sunrise\sunrise186.jpg
sunrise	E:\repositories\private\weather-classifier\data\sunrise\sunrise187.jpg
sunrise	E:\repositories\private\weather-classifier\data\sunrise\sunrise188.jpg
sunrise	E:\repositories\private\weather-classifier\data\sunrise\sunrise189.jpg
sunrise	E:\repositories\private\weather-classifier\data\sunrise\sunrise19.jpg
sunrise	E:\repositories\private\weather-classifier\data\sunrise\sunrise190.jpg
sunrise	E:\repositories\private\weather-classifier\data\sunrise\sunrise191.jpg
sunrise	E:\repositories\private\weather-classifier\data\sunrise\sunrise192.jpg
sunrise	E:\repositories\private\weather-classifier\data\sunrise\sunrise193.jpg
sunrise	E:\repositories\private\weather-classifier\data\sunrise\sunrise194.jpg
sunrise	E:\repositories\private\weather-classifier\data\sunrise\sunrise195.jpg
sunrise	E:\repositories\private\weather-classifier\data\sunrise\sunrise196.jpg
sunrise	E:\repositories\private\weather-classifier\data\sunrise\sunrise197.jpg
sunrise	E:\repositories\private\weather-classifier\data\sunrise\sunrise198.jpg
sunrise	E:\repositories\private\weather-classifier\data\sunrise\sunrise199.jpg
sunrise	E:\repositories\private\weather-classifier\data\sunrise\sunrise2.jpg
sunrise	E:\repositories\private\weather-classifier\data\sunrise\sunrise20.jpg
sunrise	E:\repositories\private\weather-classifier\data\sunrise\sunrise200.jpg
sunrise	E:\repositories\private\weather-classifier\data\sunrise\sunrise201.jpg
sunrise	E:\repositories\private\weather-classifier\data\sunrise\sunrise202.jpg
sunrise	E:\repositories\private\weather-classifier\data\sunrise\sunrise203.jpg
sunrise	E:\repositories\private\weather-classifier\data\sunrise\sunrise204.jpg
sunrise	E:\repositories\private\weather-classifier\data\sunrise\sunrise205.jpg
sunrise	E:\repositories\private\weather-classifier\data\sunrise\sunrise206.jpg
sunrise	E:\repositories\private\weather-classifier\data\sunrise\sunrise207.jpg
sunrise	E:\repositories\private\weather-classifier\data\sunrise\sunrise208.jpg
sunrise	E:\repositories\private\weather-classifier\data\sunrise\sunrise209.jpg
sunrise	E:\repositories\private\weather-classifier\data\sunrise\sunrise21.jpg
sunrise	E:\repositories\private\weather-classifier\data\sunrise\sunrise210.jpg
sunrise	E:\repositories\private\weather-classifier\data\sunrise\sunrise211.jpg
sunrise	E:\repositories\private\weather-classifier\data\sunrise\sunrise212.jpg
sunrise	E:\repositories\private\weather-classifier\data\sunrise\sunrise213.jpg
sunrise	E:\repositories\private\weather-classifier\data\sunrise\sunrise214.jpg
sunrise	E:\repositories\private\weather-classifier\data\sunrise\sunrise215.jpg
sunrise	E:\repositories\private\weather-classifier\data\sunrise\sunrise216.jpg
sunrise	E:\repositories\private\weather-classifier\data\sunrise\sunrise217.jpg
sunrise	E:\repositories\private\weather-classifier\data\sunrise\sunrise218.jpg
sunrise	E:\repositories\private\weather-classifier\data\sunrise\sunrise219.jpg
sunrise	E:\repositories\private\weather-classifier\data\sunrise\sunrise22.jpg
sunrise	E:\repositories\private\weather-classifier\data\sunrise\sunrise220.jpg
sunrise	E:\repositories\private\weather-classifier\data\sunrise\sunrise221.jpg
sunrise	E:\repositories\private\weather-classifier\data\sunrise\sunrise222.jpg
sunrise	E:\repositories\private\weather-classifier\data\sunrise\sunrise223.jpg
sunrise	E:\repositories\private\weather-classifier\data\sunrise\sunrise224.jpg
sunrise	E:\repositories\private\weather-classifier\data\sunrise\sunrise225.jpg
sunrise	E:\repositories\private\weather-classifier\data\sunrise\sunrise226.jpg
sunrise	E:\repositories\private\weather-classifier\data\sunrise\sunrise227.jpg
sunrise	E:\repositories\private\weather-classifier\data\sunrise\sunrise228.jpg
sunrise	E:\repositories\private\weather-classifier\data\sunrise\sunrise229.jpg
sunrise	E:\repositories\private\weather-classifier\data\sunrise\sunrise23.jpg
sunrise	E:\repositories\private\weather-classifier\data\sunrise\sunrise230.jpg
sunrise	E:\repositories\private\weather-classifier\data\sunrise\sunrise231.jpg
sunrise	E:\repositories\private\weather-classifier\data\sunrise\sunrise232.jpg
sunrise	E:\repositories\private\weather-classifier\data\sunrise\sunrise233.jpg
sunrise	E:\repositories\private\weather-classifier\data\sunrise\sunrise234.jpg
sunrise	E:\repositories\private\weather-classifier\data\sunrise\sunrise235.jpg
sunrise	E:\repositories\private\weather-classifier\data\sunrise\sunrise236.jpg
sunrise	E:\repositories\private\weather-classifier\data\sunrise\sunrise237.jpg
sunrise	E:\repositories\private\weather-classifier\data\sunrise\sunrise238.jpg
sunrise	E:\repositories\private\weather-classifier\data\sunrise\sunrise239.jpg
sunrise	E:\repositories\private\weather-classifier\data\sunrise\sunrise24.jpg
sunrise	E:\repositories\private\weather-classifier\data\sunrise\sunrise240.jpg
sunrise	E:\repositories\private\weather-classifier\data\sunrise\sunrise241.jpg
sunrise	E:\repositories\private\weather-classifier\data\sunrise\sunrise242.jpg
sunrise	E:\repositories\private\weather-classifier\data\sunrise\sunrise243.jpg
sunrise	E:\repositories\private\weather-classifier\data\sunrise\sunrise244.jpg
sunrise	E:\repositories\private\weather-classifier\data\sunrise\sunrise245.jpg
sunrise	E:\repositories\private\weather-classifier\data\sunrise\sunrise246.jpg
sunrise	E:\repositories\private\weather-classifier\data\sunrise\sunrise247.jpg
sunrise	E:\repositories\private\weather-classifier\data\sunrise\sunrise248.jpg
sunrise	E:\repositories\private\weather-classifier\data\sunrise\sunrise249.jpg
sunrise	E:\repositories\private\weather-classifier\data\sunrise\sunrise25.jpg
sunrise	E:\repositories\private\weather-classifier\data\sunrise\sunrise250.jpg
sunrise	E:\repositories\private\weather-classifier\data\sunrise\sunrise251.jpg
sunrise	E:\repositories\private\weather-classifier\data\sunrise\sunrise252.jpg
sunrise	E:\repositories\private\weather-classifier\data\sunrise\sunrise253.jpg
sunrise	E:\repositories\private\weather-classifier\data\sunrise\sunrise254.jpg
sunrise	E:\repositories\private\weather-classifier\data\sunrise\sunrise255.jpg
sunrise	E:\repositories\private\weather-classifier\data\sunrise\sunrise256.jpg
sunrise	E:\repositories\private\weather-classifier\data\sunrise\sunrise257.jpg
sunrise	E:\repositories\private\weather-classifier\data\sunrise\sunrise258.jpg
sunrise	E:\repositories\private\weather-classifier\data\sunrise\sunrise259.jpg
sunrise	E:\repositories\private\weather-classifier\data\sunrise\sunrise26.jpg
sunrise	E:\repositories\private\weather-classifier\data\sunrise\sunrise260.jpg
sunrise	E:\repositories\private\weather-classifier\data\sunrise\sunrise261.jpg
sunrise	E:\repositories\private\weather-classifier\data\sunrise\sunrise262.jpg
sunrise	E:\repositories\private\weather-classifier\data\sunrise\sunrise263.jpg
sunrise	E:\repositories\private\weather-classifier\data\sunrise\sunrise264.jpg
sunrise	E:\repositories\private\weather-classifier\data\sunrise\sunrise265.jpg
sunrise	E:\repositories\private\weather-classifier\data\sunrise\sunrise266.jpg
sunrise	E:\repositories\private\weather-classifier\data\sunrise\sunrise267.jpg
sunrise	E:\repositories\private\weather-classifier\data\sunrise\sunrise268.jpg
sunrise	E:\repositories\private\weather-classifier\data\sunrise\sunrise269.jpg
sunrise	E:\repositories\private\weather-classifier\data\sunrise\sunrise27.jpg
sunrise	E:\repositories\private\weather-classifier\data\sunrise\sunrise270.jpg
sunrise	E:\repositories\private\weather-classifier\data\sunrise\sunrise271.jpg
sunrise	E:\repositories\private\weather-classifier\data\sunrise\sunrise272.jpg
sunrise	E:\repositories\private\weather-classifier\data\sunrise\sunrise273.jpg
sunrise	E:\repositories\private\weather-classifier\data\sunrise\sunrise274.jpg
sunrise	E:\repositories\private\weather-classifier\data\sunrise\sunrise275.jpg
sunrise	E:\repositories\private\weather-classifier\data\sunrise\sunrise276.jpg
sunrise	E:\repositories\private\weather-classifier\data\sunrise\sunrise277.jpg
sunrise	E:\repositories\private\weather-classifier\data\sunrise\sunrise278.jpg
sunrise	E:\repositories\private\weather-classifier\data\sunrise\sunrise279.jpg
sunrise	E:\repositories\private\weather-classifier\data\sunrise\sunrise28.jpg
sunrise	E:\repositories\private\weather-classifier\data\sunrise\sunrise280.jpg
sunrise	E:\repositories\private\weather-classifier\data\sunrise\sunrise281.jpg
sunrise	E:\repositories\private\weather-classifier\data\sunrise\sunrise282.jpg
sunrise	E:\repositories\private\weather-classifier\data\sunrise\sunrise283.jpg
sunrise	E:\repositories\private\weather-classifier\data\sunrise\sunrise284.jpg
sunrise	E:\repositories\private\weather-classifier\data\sunrise\sunrise285.jpg
sunrise	E:\repositories\private\weather-classifier\data\sunrise\sunrise286.jpg
sunrise	E:\repositories\private\weather-classifier\data\sunrise\sunrise287.jpg
sunrise	E:\repositories\private\weather-classifier\data\sunrise\sunrise288.jpg
sunrise	E:\repositories\private\weather-classifier\data\sunrise\sunrise289.jpg
sunrise	E:\repositories\private\weather-classifier\data\sunrise\sunrise29.jpg
sunrise	E:\repositories\private\weather-classifier\data\sunrise\sunrise290.jpg
sunrise	E:\repositories\private\weather-classifier\data\sunrise\sunrise291.jpg
sunrise	E:\repositories\private\weather-classifier\data\sunrise\sunrise292.jpg
sunrise	E:\repositories\private\weather-classifier\data\sunrise\sunrise293.jpg
sunrise	E:\repositories\private\weather-classifier\data\sunrise\sunrise294.jpg
sunrise	E:\repositories\private\weather-classifier\data\sunrise\sunrise295.jpg
sunrise	E:\repositories\private\weather-classifier\data\sunrise\sunrise296.jpg
sunrise	E:\repositories\private\weather-classifier\data\sunrise\sunrise297.jpg
sunrise	E:\repositories\private\weather-classifier\data\sunrise\sunrise298.jpg
sunrise	E:\repositories\private\weather-classifier\data\sunrise\sunrise299.jpg
sunrise	E:\repositories\private\weather-classifier\data\sunrise\sunrise3.jpg
sunrise	E:\repositories\private\weather-classifier\data\sunrise\sunrise30.jpg
sunrise	E:\repositories\private\weather-classifier\data\sunrise\sunrise300.jpg
sunrise	E:\repositories\private\weather-classifier\data\sunrise\sunrise301.jpg
sunrise	E:\repositories\private\weather-classifier\data\sunrise\sunrise302.jpg
sunrise	E:\repositories\private\weather-classifier\data\sunrise\sunrise303.jpg
sunrise	E:\repositories\private\weather-classifier\data\sunrise\sunrise304.jpg
sunrise	E:\repositories\private\weather-classifier\data\sunrise\sunrise305.jpg
sunrise	E:\repositories\private\weather-classifier\data\sunrise\sunrise306.jpg
sunrise	E:\repositories\private\weather-classifier\data\sunrise\sunrise307.jpg
sunrise	E:\repositories\private\weather-classifier\data\sunrise\sunrise308.jpg
sunrise	E:\repositories\private\weather-classifier\data\sunrise\sunrise309.jpg
sunrise	E:\repositories\private\weather-classifier\data\sunrise\sunrise31.jpg
sunrise	E:\repositories\private\weather-classifier\data\sunrise\sunrise310.jpg
sunrise	E:\repositories\private\weather-classifier\data\sunrise\sunrise311.jpg
sunrise	E:\repositories\private\weather-classifier\data\sunrise\sunrise312.jpg
sunrise	E:\repositories\private\weather-classifier\data\sunrise\sunrise313.jpg
sunrise	E:\repositories\private\weather-classifier\data\sunrise\sunrise314.jpg
sunrise	E:\repositories\private\weather-classifier\data\sunrise\sunrise315.jpg
sunrise	E:\repositories\private\weather-classifier\data\sunrise\sunrise316.jpg
sunrise	E:\repositories\private\weather-classifier\data\sunrise\sunrise317.jpg
sunrise	E:\repositories\private\weather-classifier\data\sunrise\sunrise318.jpg
sunrise	E:\repositories\private\weather-classifier\data\sunrise\sunrise319.jpg
sunrise	E:\repositories\private\weather-classifier\data\sunrise\sunrise32.jpg
sunrise	E:\repositories\private\weather-classifier\data\sunrise\sunrise320.jpg
sunrise	E:\repositories\private\weather-classifier\data\sunrise\sunrise321.jpg
sunrise	E:\repositories\private\weather-classifier\data\sunrise\sunrise322.jpg
sunrise	E:\repositories\private\weather-classifier\data\sunrise\sunrise323.jpg
sunrise	E:\repositories\private\weather-classifier\data\sunrise\sunrise324.jpg
sunrise	E:\repositories\private\weather-classifier\data\sunrise\sunrise325.jpg
sunrise	E:\repositories\private\weather-classifier\data\sunrise\sunrise326.jpg
sunrise	E:\repositories\private\weather-classifier\data\sunrise\sunrise327.jpg
sunrise	E:\repositories\private\weather-classifier\data\sunrise\sunrise328.jpg
sunrise	E:\repositories\private\weather-classifier\data\sunrise\sunrise329.jpg
sunrise	E:\repositories\private\weather-classifier\data\sunrise\sunrise33.jpg
sunrise	E:\repositories\private\weather-classifier\data\sunrise\sunrise330.jpg
sunrise	E:\repositories\private\weather-classifier\data\sunrise\sunrise331.jpg
sunrise	E:\repositories\private\weather-classifier\data\sunrise\sunrise332.jpg
sunrise	E:\repositories\private\weather-classifier\data\sunrise\sunrise333.jpg
sunrise	E:\repositories\private\weather-classifier\data\sunrise\sunrise334.jpg
sunrise	E:\repositories\private\weather-classifier\data\sunrise\sunrise335.jpg
sunrise	E:\repositories\private\weather-classifier\data\sunrise\sunrise336.jpg
sunrise	E:\repositories\private\weather-classifier\data\sunrise\sunrise337.jpg
sunrise	E:\repositories\private\weather-classifier\data\sunrise\sunrise338.jpg
sunrise	E:\repositories\private\weather-classifier\data\sunrise\sunrise339.jpg
sunrise	E:\repositories\private\weather-classifier\data\sunrise\sunrise34.jpg
sunrise	E:\repositories\private\weather-classifier\data\sunrise\sunrise340.jpg
sunrise	E:\repositories\private\weather-classifier\data\sunrise\sunrise341.jpg
sunrise	E:\repositories\private\weather-classifier\data\sunrise\sunrise342.jpg
sunrise	E:\repositories\private\weather-classifier\data\sunrise\sunrise343.jpg
sunrise	E:\repositories\private\weather-classifier\data\sunrise\sunrise344.jpg
sunrise	E:\repositories\private\weather-classifier\data\sunrise\sunrise345.jpg
sunrise	E:\repositories\private\weather-classifier\data\sunrise\sunrise346.jpg
sunrise	E:\repositories\private\weather-classifier\data\sunrise\sunrise347.jpg
sunrise	E:\repositories\private\weather-classifier\data\sunrise\sunrise348.jpg
sunrise	E:\repositories\private\weather-classifier\data\sunrise\sunrise349.jpg
sunrise	E:\repositories\private\weather-classifier\data\sunrise\sunrise35.jpg
sunrise	E:\repositories\private\weather-classifier\data\sunrise\sunrise350.jpg
sunrise	E:\repositories\private\weather-classifier\data\sunrise\sunrise351.jpg
sunrise	E:\repositories\private\weather-classifier\data\sunrise\sunrise352.jpg
sunrise	E:\repositories\private\weather-classifier\data\sunrise\sunrise353.jpg
sunrise	E:\repositories\private\weather-classifier\data\sunrise\sunrise354.jpg
sunrise	E:\repositories\private\weather-classifier\data\sunrise\sunrise355.jpg
sunrise	E:\repositories\private\weather-classifier\data\sunrise\sunrise356.jpg
sunrise	E:\repositories\private\weather-classifier\data\sunrise\sunrise357.jpg
sunrise	E:\repositories\private\weather-classifier\data\sunrise\sunrise36.jpg
sunrise	E:\repositories\private\weather-classifier\data\sunrise\sunrise37.jpg
sunrise	E:\repositories\private\weather-classifier\data\sunrise\sunrise38.jpg
sunrise	E:\repositories\private\weather-classifier\data\sunrise\sunrise39.jpg
sunrise	E:\repositories\private\weather-classifier\data\sunrise\sunrise4.jpg
sunrise	E:\repositories\private\weather-classifier\data\sunrise\sunrise40.jpg
sunrise	E:\repositories\private\weather-classifier\data\sunrise\sunrise41.jpg
sunrise	E:\repositories\private\weather-classifier\data\sunrise\sunrise42.jpg
sunrise	E:\repositories\private\weather-classifier\data\sunrise\sunrise43.jpg
sunrise	E:\repositories\private\weather-classifier\data\sunrise\sunrise44.jpg
sunrise	E:\repositories\private\weather-classifier\data\sunrise\sunrise45.jpg
sunrise	E:\repositories\private\weather-classifier\data\sunrise\sunrise46.jpg
sunrise	E:\repositories\private\weather-classifier\data\sunrise\sunrise47.jpg
sunrise	E:\repositories\private\weather-classifier\data\sunrise\sunrise48.jpg
sunrise	E:\repositories\private\weather-classifier\data\sunrise\sunrise49.jpg
sunrise	E:\repositories\private\weather-classifier\data\sunrise\sunrise5.jpg
sunrise	E:\repositories\private\weather-classifier\data\sunrise\sunrise50.jpg
sunrise	E:\repositories\private\weather-classifier\data\sunrise\sunrise51.jpg
sunrise	E:\repositories\private\weather-classifier\data\sunrise\sunrise52.jpg
sunrise	E:\repositories\private\weather-classifier\data\sunrise\sunrise53.jpg
sunrise	E:\repositories\private\weather-classifier\data\sunrise\sunrise54.jpg
sunrise	E:\repositories\private\weather-classifier\data\sunrise\sunrise55.jpg
sunrise	E:\repositories\private\weather-classifier\data\sunrise\sunrise56.jpg
sunrise	E:\repositories\private\weather-classifier\data\sunrise\sunrise57.jpg
sunrise	E:\repositories\private\weather-classifier\data\sunrise\sunrise58.jpg
sunrise	E:\repositories\private\weather-classifier\data\sunrise\sunrise59.jpg
sunrise	E:\repositories\private\weather-classifier\data\sunrise\sunrise6.jpg
sunrise	E:\repositories\private\weather-classifier\data\sunrise\sunrise60.jpg
sunrise	E:\repositories\private\weather-classifier\data\sunrise\sunrise61.jpg
sunrise	E:\repositories\private\weather-classifier\data\sunrise\sunrise62.jpg
sunrise	E:\repositories\private\weather-classifier\data\sunrise\sunrise63.jpg
sunrise	E:\repositories\private\weather-classifier\data\sunrise\sunrise64.jpg
sunrise	E:\repositories\private\weather-classifier\data\sunrise\sunrise65.jpg
sunrise	E:\repositories\private\weather-classifier\data\sunrise\sunrise66.jpg
sunrise	E:\repositories\private\weather-classifier\data\sunrise\sunrise67.jpg
sunrise	E:\repositories\private\weather-classifier\data\sunrise\sunrise68.jpg
sunrise	E:\repositories\private\weather-classifier\data\sunrise\sunrise69.jpg
sunrise	E:\repositories\private\weather-classifier\data\sunrise\sunrise7.jpg
sunrise	E:\repositories\private\weather-classifier\data\sunrise\sunrise70.jpg
sunrise	E:\repositories\private\weather-classifier\data\sunrise\sunrise71.jpg
sunrise	E:\repositories\private\weather-classifier\data\sunrise\sunrise72.jpg
sunrise	E:\repositories\private\weather-classifier\data\sunrise\sunrise73.jpg
sunrise	E:\repositories\private\weather-classifier\data\sunrise\sunrise74.jpg
sunrise	E:\repositories\private\weather-classifier\data\sunrise\sunrise75.jpg
sunrise	E:\repositories\private\weather-classifier\data\sunrise\sunrise76.jpg
sunrise	E:\repositories\private\weather-classifier\data\sunrise\sunrise77.jpg
sunrise	E:\repositories\private\weather-classifier\data\sunrise\sunrise78.jpg
sunrise	E:\repositories\private\weather-classifier\data\sunrise\sunrise79.jpg
sunrise	E:\repositories\private\weather-classifier\data\sunrise\sunrise8.jpg
sunrise	E:\repositories\private\weather-classifier\data\sunrise\sunrise80.jpg
sunrise	E:\repositories\private\weather-classifier\data\sunrise\sunrise81.jpg
sunrise	E:\repositories\private\weather-classifier\data\sunrise\sunrise82.jpg
sunrise	E:\repositories\private\weather-classifier\data\sunrise\sunrise83.jpg
sunrise	E:\repositories\private\weather-classifier\data\sunrise\sunrise84.jpg
sunrise	E:\repositories\private\weather-classifier\data\sunrise\sunrise85.jpg
sunrise	E:\repositories\private\weather-classifier\data\sunrise\sunrise86.jpg
sunrise	E:\repositories\private\weather-classifier\data\sunrise\sunrise87.jpg
sunrise	E:\repositories\private\weather-classifier\data\sunrise\sunrise88.jpg
sunrise	E:\repositories\private\weather-classifier\data\sunrise\sunrise89.jpg
sunrise	E:\repositories\private\weather-classifier\data\sunrise\sunrise9.jpg
sunrise	E:\repositories\private\weather-classifier\data\sunrise\sunrise90.jpg
sunrise	E:\repositories\private\weather-classifier\data\sunrise\sunrise91.jpg
sunrise	E:\repositories\private\weather-classifier\data\sunrise\sunrise92.jpg
sunrise	E:\repositories\private\weather-classifier\data\sunrise\sunrise93.jpg
sunrise	E:\repositories\private\weather-classifier\data\sunrise\sunrise94.jpg
sunrise	E:\repositories\private\weather-classifier\data\sunrise\sunrise95.jpg
sunrise	E:\repositories\private\weather-classifier\data\sunrise\sunrise96.jpg
sunrise	E:\repositories\private\weather-classifier\data\sunrise\sunrise97.jpg
sunrise	E:\repositories\private\weather-classifier\data\sunrise\sunrise98.jpg
sunrise	E:\repositories\private\weather-classifier\data\sunrise\sunrise99.jpg
